cd_cvm,dt_fim_exerc,ativo_total,ativo_financeiro,ativo_operacional,ativo_circulante,passivo,passivo_financeiro,passivo_operacional,patrimonio_liquido,passivo_circulante,lucro_liquido,receita_vendas,protecao_fiscal,res_opera_liq,res_opera_liq_cont,resultado_financeiro,fco,fco_investimento,fco_financeiro,ativo_operacional_liq,passivo_financeiro_liq,resultado_fin_liq,accrual
1023,2011,966823068.0,92060261.0,874762807.0,44309888.0,192779578.0,40653583.0,152125995.0,774043490.0,0.0,3762019.0,106919760.0,-1719836.62,7100525.38,16075418.379999999,-5058343.0,27764199.0,-14467116.0,3420835.0,722636812.0,-51406678.0,-3338506.38,-20663673.62
10456,2011,2442554.0,137528.0,2305026.0,1609539.0,952695.0,50325.0,902370.0,1489859.0,666299.0,-192802.0,2574700.0,9876.66,-211974.34,289894.66,29049.0,-489269.0,-6340.0,647406.0,1402656.0,-87203.0,19172.34,277294.66000000003
10472,2011,1337446.0,36291846.0,-34954400.0,969973.0,871239.0,1197349.0,-326110.0,466207.0,538135.0,-32601.0,1888967.0,-16977.22,354.77999999999884,97876.78,-49933.0,4286868.0,-10904111.0,2356861.0,-34628290.0,-35094497.0,-32955.78,-4286513.22
10596,2011,187942696.0,39504.0,187903192.0,12223051.0,158513405.0,5932.0,158507473.0,29429291.0,73149703.0,37400224.0,202583.0,-15902062.14,68268932.86,-82606153.14,-46770771.0,1881894.0,-1657686.0,-324590.0,29395719.0,-33572.0,-30868708.86,66387038.86
10880,2011,93174.0,152545.0,-59371.0,48929.0,24750.0,6924315.0,-6899565.0,68424.0,18815.0,178763.0,89755.0,1113.8400000000001,176600.84,4115.84,3276.0,2119.0,7375.0,-2523.0,6840194.0,6771770.0,2162.16,174481.84
10960,2011,206925.0,2951734.0,-2744809.0,140746.0,62905.0,0.0,62905.0,144020.0,57164.0,0.0,68711.0,362.1,-702.9,44462.1,1065.0,-2560.0,-213.0,2687.0,-2807714.0,-2951734.0,702.9,1857.1
11070,2011,561606.0,0.0,561606.0,290390.0,96515.0,46624424.0,-46527909.0,465091.0,65469.0,546310.0,939162.0,4851.8,536891.8,28989.8,14270.0,21235.0,-375146.0,337729.0,47089515.0,46624424.0,9418.2,515656.80000000005
11223,2011,508312.0,120170.0,388142.0,140934.0,1378768.0,81755.0,1297013.0,-870456.0,898484.0,-39953.0,264810.0,-50162.240000000005,57420.759999999995,-97271.24,-147536.0,862478.0,0.0,-854242.0,-908871.0,-38415.0,-97373.76,-805057.24
11231,2011,272923.0,16082.0,256841.0,197424.0,43688.0,15163914.0,-15120226.0,229235.0,31443.0,-47872.0,144986.0,5651.4800000000005,-58842.52,14911.48,16622.0,171551.0,-508684.0,337147.0,15377067.0,15147832.0,10970.52,-230393.52
11312,2011,31664031.0,3152738.0,28511293.0,12245573.0,21074859.0,147083.0,20927776.0,10589172.0,8619177.0,49059.0,9245255.0,-24450.08,96520.92,1053211.92,-71912.0,-179863.0,-381860.0,581055.0,7583517.0,-3005655.0,-47461.92,276383.92
11320,2011,79800943.0,567050.0,79233893.0,25319801.0,54350589.0,27888588.0,26462001.0,25450354.0,15604543.0,111820.0,27906989.0,-1144900.02,2334272.98,2104081.98,-3367353.0,-11518.0,0.0,11517.0,52771892.0,27321538.0,-2222452.98,2345790.98
11398,2011,499844.0,351608.0,148236.0,224455.0,124254.0,86324.0,37930.0,375590.0,94300.0,29891.0,381413.0,-1524.22,32849.78,35768.78,-4483.0,1785577.0,-358893.0,-1384372.0,110306.0,-265284.0,-2958.7799999999997,-1752727.22
1155,2011,10317381.0,0.0,10317381.0,4143622.0,1578246.0,60575910.0,-58997664.0,8739135.0,0.0,-118371.0,1241922.0,-7723.780000000001,-103377.78,95278.22,-22717.0,3156515.0,-2055208.0,-237422.0,69315045.0,60575910.0,-14993.22,-3259892.78
11592,2011,889822.0,84030.0,805792.0,500073.0,508529.0,8596295.0,-8087766.0,381293.0,237197.0,-2774.0,345351.0,1381.76,-5456.24,1765.76,4064.0,-819428.0,3796.0,696848.0,8893558.0,8512265.0,2682.24,813971.76
11762,2011,1546520.0,329863.0,1216657.0,840831.0,1333490.0,232561.0,1100929.0,213030.0,659924.0,-72128.0,1529197.0,-37322.82,322.1800000000003,-243538.82,-109773.0,198426.0,1133021.0,-1877872.0,115728.0,-97302.0,-72450.18,-198103.82
11800,2011,3549257.0,923113.0,2626144.0,1729060.0,1698890.0,912110.0,786780.0,1850367.0,868223.0,6310578.0,1742403.0,-30319.500000000004,6369433.5,-8629.500000000004,-89175.0,-424.0,91.0,0.0,1839364.0,-11003.0,-58855.5,6369857.5
11932,2011,2492614.0,0.0,2492614.0,1200281.0,1573994.0,543598.0,1030396.0,918620.0,1060902.0,-659725.0,2905139.0,-5159.5,-649709.5,233451.5,-15175.0,-611.0,91.0,0.0,1462218.0,543598.0,-10015.5,-649098.5
11975,2011,137095.0,3843.0,133252.0,86743.0,107413.0,800648.0,-693235.0,29682.0,44048.0,-249072.0,187672.0,65.62,-249199.38,7952.62,193.0,625902.0,-488801.0,-499240.0,826487.0,796805.0,127.38,-875101.38
11991,2011,196884.0,12965.0,183919.0,60338.0,195965.0,97828.0,98137.0,919.0,54226.0,28254.0,234030.0,-3160.98,34390.02,4845.02,-9297.0,1142592.0,-1875866.0,-326332.0,85782.0,84863.0,-6136.02,-1108201.98
1210,2011,38316707.0,26194.0,38290513.0,6074695.0,6501559.0,0.0,6501559.0,31815148.0,0.0,0.0,5711197.0,-147851.04,287004.95999999996,1221175.96,-434856.0,1440273.0,156282.0,-1735821.0,31788954.0,-26194.0,-287004.95999999996,-1153268.04
12190,2011,685229.0,3728.0,681501.0,272475.0,722786.0,222436.0,500350.0,-37557.0,272764.0,4326.0,845814.0,-26428.2,55627.8,31988.8,-77730.0,102881.0,-336391.0,298532.0,181151.0,218708.0,-51301.8,-47253.2
12262,2011,13923306.0,130479.0,13792827.0,4556829.0,10252046.0,631431.0,9620615.0,3671260.0,3066439.0,371664.0,4793332.0,-211818.98,782842.02,1261340.02,-622997.0,17479.0,-8033.0,-35744.0,4172212.0,500952.0,-411178.02,765363.02
12530,2011,1176438.0,123937.0,1052501.0,898243.0,638730.0,666247.0,-27517.0,537708.0,396983.0,-47711.0,1542292.0,6268.240000000001,-59878.76,31420.24,18436.0,723.0,20066.0,-1461.0,1080018.0,542310.0,12167.759999999998,-60601.76
12572,2011,77215.0,3101649.0,-3024434.0,20740.0,124950.0,285.0,124665.0,-47735.0,57646.0,0.0,8685.0,-3991.6000000000004,7748.4,-25499.6,-11740.0,-1286.0,3555.0,-2417.0,-3149099.0,-3101364.0,-7748.4,9034.4
12653,2011,12741595.0,60990.0,12680605.0,4083482.0,7783293.0,13799.0,7769494.0,4958302.0,1932606.0,0.0,3889151.0,-170193.12000000002,330374.88,513095.88,-500568.0,-5599.0,-35815.0,34169.0,4911111.0,-47191.0,-330374.88,335973.88
12696,2011,343574.0,3040275.0,-2696701.0,185724.0,573305.0,4979914.0,-4406609.0,-229731.0,84484.0,32810.0,372112.0,-18961.800000000003,69618.2,-20787.800000000003,-55770.0,6343100.0,-8140340.0,3514590.0,1709908.0,1939639.0,-36808.2,-6273481.8
12793,2011,27853536.0,11305.0,27842231.0,5263925.0,13313861.0,158654.0,13155207.0,14539675.0,1925694.0,24419.0,5854300.0,-635348.14,1257741.8599999999,124553.85999999999,-1868671.0,703746.0,-370786.0,-295915.0,14687024.0,147349.0,-1233322.8599999999,553995.8599999999
12823,2011,408117.0,2336.0,405781.0,95553.0,85367.0,185042.0,-99675.0,322750.0,82608.0,830901.0,72227.0,-479.74,831832.26,9441.26,-1411.0,-57085.0,7902.0,43489.0,505456.0,182706.0,-931.26,888917.26
12866,2011,1549493.0,0.0,1549493.0,48644.0,1815186.0,28293796.0,-26478610.0,-265693.0,61549.0,1602709.0,17973.0,-56499.50000000001,1712384.5,144812.5,-166175.0,37793.0,47418.0,-24714.0,28028103.0,28293796.0,-109675.5,1674591.5
13030,2011,937943.0,7828.0,930115.0,91661.0,662491.0,1353905.0,-691414.0,275452.0,170793.0,0.0,161462.0,3533.96,-6860.04,-6301.04,10394.0,55559.0,-33844.0,-17045.0,1621529.0,1346077.0,6860.04,-62419.04
1325,2011,12140427.0,67010.0,12073417.0,3028246.0,1757905.0,571324.0,1186581.0,10382522.0,0.0,14435.0,2464328.0,11301.6,-7503.4,51819.6,33240.0,54248.0,-178333.0,101129.0,10886836.0,504314.0,21938.4,-61751.4
13285,2011,1031095.0,0.0,1031095.0,539367.0,562917.0,10022.0,552895.0,468178.0,316156.0,1979649.0,737262.0,-6382.14,1992037.86,34666.86,-18771.0,-65.0,0.0,92.0,478200.0,10022.0,-12388.86,1992102.86
13412,2011,1861699.0,397761.0,1463938.0,594044.0,1399488.0,1227588.0,171900.0,462211.0,514937.0,0.0,782830.0,-11145.54,21635.46,118101.45999999999,-32781.0,-346.0,0.0,0.0,1292038.0,829827.0,-21635.46,21981.46
13471,2011,969278.0,170530.0,798748.0,358139.0,685792.0,608256.0,77536.0,283486.0,535668.0,145670.0,1020111.0,-24477.620000000003,193185.38,59063.38,-71993.0,-55275.0,-19382.0,87239.0,721212.0,437726.0,-47515.38,248460.38
13765,2011,274914.0,0.0,274914.0,65126.0,258209.0,240463.0,17746.0,16705.0,108727.0,0.0,181852.0,-2986.5600000000004,5797.44,-6752.56,-8784.0,697883.0,-908313.0,335608.0,257168.0,240463.0,-5797.44,-692085.56
13781,2011,1740095.0,0.0,1740095.0,377944.0,1004409.0,155554694.0,-154550285.0,735686.0,202556.0,303766.0,344191.0,-19404.82,341434.18,134027.18,-57073.0,1566279.0,-2692786.0,1763125.0,156290380.0,155554694.0,-37668.18,-1224844.82
1384,2011,10851756.0,47006.0,10804750.0,9648.0,1506121.0,2377201.0,-871080.0,9345635.0,0.0,97193.0,1128407.0,-10709.320000000002,117981.68,94121.68,-31498.0,2488652.0,-2487531.0,1135819.0,11675830.0,2330195.0,-20788.68,-2370670.32
13986,2011,21657079.0,247197.0,21409882.0,5372151.0,11983530.0,2224383.0,9759147.0,9673549.0,3084566.0,2415450.0,4847988.0,-263385.08,2926726.92,541167.9199999999,-774662.0,1010.0,20207.0,-1686.0,11650735.0,1977186.0,-511276.92,2925716.92
14109,2011,4016536.0,2260251.0,1756285.0,2543758.0,2155178.0,192843.0,1962335.0,1861358.0,1064087.0,36464.0,4156396.0,20412.920000000002,-3161.079999999998,340711.92,60038.0,2053674.0,-361078.0,-1993368.0,-206050.0,-2067408.0,39625.08,-2056835.08
14133,2011,56399.0,74821.0,-18422.0,49134.0,37682.0,913720.0,-876038.0,18717.0,36625.0,96359.0,103148.0,-620.5,97563.5,-5583.5,-1825.0,-432.0,0.0,129.0,857616.0,838899.0,-1204.5,97995.5
14206,2011,8711346.0,160487.0,8550859.0,504191.0,8711346.0,5185444.0,3525902.0,0.0,6731548.0,46132.0,1679097.0,-17983.960000000003,81042.04,163846.04,-52894.0,201502.0,-160807.0,32040.0,5024957.0,5024957.0,-34910.03999999999,-120459.96
14311,2011,19121663.0,0.0,19121663.0,3702013.0,7052135.0,30373.0,7021762.0,12069528.0,2058821.0,24143.0,7776165.0,76421.12000000001,-124203.87999999999,1028507.12,224768.0,257.0,0.0,0.0,12099901.0,30373.0,148346.88,-124460.87999999999
14320,2011,33360425.0,11252504.0,22107921.0,12616945.0,14346220.0,328295.0,14017925.0,19014205.0,4092173.0,145255.0,11901959.0,-17005.100000000002,178264.9,562061.9,-50015.0,102500.0,-265520.0,257497.0,8089996.0,-10924209.0,-33009.899999999994,75764.9
14346,2011,5258175.0,3752.0,5254423.0,3478212.0,3446991.0,6465070.0,-3018079.0,1811184.0,2950114.0,38632.0,7465334.0,-12229.12,62370.88,395402.88,-35968.0,4129443.0,-4294516.0,1051696.0,8272502.0,6461318.0,-23738.879999999997,-4067072.12
14443,2011,25214984.0,0.0,25214984.0,3725833.0,14669088.0,126725.0,14542363.0,10545896.0,3968668.0,151995.0,9941637.0,-215437.94,570198.06,1641622.06,-633641.0,2260973.0,-3448882.0,1156126.0,10672621.0,126725.0,-418203.06,-1690774.94
14460,2011,13416769.0,1523.0,13415246.0,9093330.0,8494003.0,91594.0,8402409.0,4922766.0,4155561.0,38335.0,6126781.0,16870.460000000003,5586.460000000003,559437.46,49619.0,2929766.0,-3552257.0,-1177974.0,5012837.0,90071.0,32748.539999999997,-2924179.54
14559,2011,1714944.0,4101.0,1710843.0,864153.0,1527625.0,701489.0,826136.0,187319.0,903651.0,989592.0,1724330.0,-40834.340000000004,1068858.66,7138.659999999996,-120101.0,8141375.0,-2028835.0,-4728913.0,884707.0,697388.0,-79266.66,-7072516.34
14621,2011,8894897.0,20961.0,8873936.0,1621495.0,4707058.0,0.0,4707058.0,4187839.0,1856970.0,-629182.0,6695885.0,-102164.90000000001,-430861.9,571493.1,-300485.0,-681170.0,0.0,1831049.0,4166878.0,-20961.0,-198320.09999999998,250308.09999999998
14664,2011,830513.0,2114033.0,-1283520.0,443496.0,548382.0,4545023.0,-3996641.0,282131.0,259035.0,35577097.0,702750.0,-6052.34,35588845.66,60807.66,-17801.0,-512684.0,0.0,1221176.0,2713121.0,2430990.0,-11748.66,36101529.66
14761,2011,1108026.0,0.0,1108026.0,801256.0,397215.0,58887947.0,-58490732.0,710811.0,281442.0,22278.0,1353233.0,10096.640000000001,2678.6400000000012,277674.64,29696.0,1219.0,20207.0,-1644.0,59598758.0,58887947.0,19599.36,1459.6400000000012
14796,2011,48944.0,92896.0,-43952.0,16751.0,9580.0,674156.0,-664576.0,39364.0,636.0,2448.0,0.0,2271.2000000000003,-1960.7999999999997,-2885.7999999999997,6680.0,-46786.0,39294.0,11885.0,620624.0,581260.0,4408.799999999999,44825.2
14826,2011,33769005.0,15413.0,33753592.0,17276392.0,23674580.0,2367927.0,21306653.0,10094425.0,13501202.0,845233.0,46594486.0,-453120.72000000003,1724820.28,1599243.28,-1332708.0,-173779.0,-859995.0,-165695.0,12446939.0,2352514.0,-879587.28,1898599.28
15083,2011,98843.0,15776.0,83067.0,43467.0,6408643.0,81519.0,6327124.0,-6309800.0,5727759.0,6388740.0,35080.0,-193129.86000000002,6763639.14,-254282.86000000002,-568029.0,332624.0,-202870.0,54511.0,-6244057.0,65743.0,-374899.14,6431015.14
15091,2011,29762946.0,2262.0,29760684.0,1783259.0,3166684.0,2686806.0,479878.0,26596262.0,2076576.0,212054.0,0.0,29519.480000000003,154751.48,6331437.48,86822.0,-2661.0,-692136.0,819976.0,29280806.0,2684544.0,57302.52,157412.48
1520,2011,835574.0,72782.0,762792.0,394380.0,388403.0,96409.0,291994.0,447171.0,265854.0,8510.0,610185.0,-6527.320000000001,21180.68,51302.68,-19198.0,12606891.0,-2203379.0,-8651937.0,470798.0,23627.0,-12670.68,-12585710.32
15300,2011,3752294.0,30951.0,3721343.0,562071.0,2616384.0,3855.0,2612529.0,1135910.0,625661.0,445682.0,1193728.0,-52450.44,547497.56,452203.56,-154266.0,1890267.0,-658736.0,-1646869.0,1108814.0,-27096.0,-101815.56,-1342769.44
15369,2011,2671747.0,14611.0,2657136.0,310558.0,1135642.0,143508.0,992134.0,1536105.0,228386.0,1816915.0,1010269.0,2574.1400000000003,1811918.14,-180192.86,7571.0,54776.0,-23524.0,109219.0,1665002.0,128897.0,4996.86,1757142.14
15458,2011,564993.0,289114.0,275879.0,195583.0,595526.0,11158398.0,-10562872.0,-30533.0,265617.0,213345.0,948616.0,-23148.9,258281.1,4561.0999999999985,-68085.0,4188985.0,-5275011.0,4740715.0,10838751.0,10869284.0,-44936.1,-3930703.9
15539,2011,21634744.0,10525.0,21624219.0,7225333.0,9651760.0,3034743.0,6617017.0,11982984.0,3197986.0,75829.0,9770849.0,-30190.980000000003,134435.02,1903703.02,-88797.0,606512.0,-704362.0,1181467.0,15007202.0,3024218.0,-58606.02,-472076.98
1562,2011,88433.0,2231.0,86202.0,67186.0,34851.0,1743068.0,-1708217.0,53582.0,26796.0,1176854.0,93512.0,38.080000000000005,1176780.08,8096.08,112.0,1031163.0,-893480.0,-127517.0,1794419.0,1740837.0,73.91999999999999,145617.08000000007
15652,2011,19214.0,835247.0,-816033.0,3063.0,796283.0,5534080.0,-4737797.0,-777069.0,17369.0,1845097.0,10559.0,0.0,1845097.0,-7119.0,0.0,580234.0,-531391.0,137979.0,3921764.0,4698833.0,0.0,1264863.0
1597,2011,557121.0,211383.0,345738.0,220458.0,401192.0,29499.0,371693.0,155929.0,158295.0,30507.0,319192.0,-9098.400000000001,48168.6,46288.6,-26760.0,-546443.0,-178500.0,638263.0,-25955.0,-181884.0,-17661.6,594611.6
16101,2011,9506624.0,45114.0,9461510.0,7314358.0,6759530.0,0.0,6759530.0,2747094.0,4815939.0,-371.0,2940506.0,-54367.020000000004,105164.98,-799653.02,-159903.0,52688.0,-58093.0,2752.0,2701980.0,-45114.0,-105535.98,52476.979999999996
16225,2011,6986.0,0.0,6986.0,3750.0,4045.0,6599053.0,-6595008.0,2941.0,232.0,1365089.0,0.0,274.38,1364556.38,-888.62,807.0,933447.0,-16176.0,-873231.0,6601994.0,6599053.0,532.62,431109.3799999999
16233,2011,6866.0,0.0,6866.0,3707.0,4195.0,7166656.0,-7162461.0,2671.0,214.0,-261513.0,0.0,272.34000000000003,-262041.66,-899.66,801.0,-25396.0,-17920.0,195628.0,7169327.0,7166656.0,528.66,-236645.66
16292,2011,29983456.0,17936.0,29965520.0,11123751.0,15873539.0,1303568.0,14569971.0,14109917.0,7987829.0,90750.0,25706238.0,-163037.82,407235.18,1681574.18,-479523.0,243874.0,-469463.0,306837.0,15395549.0,1285632.0,-316485.18,163361.18
16306,2011,7134342.0,109463.0,7024879.0,5507609.0,5149640.0,82267.0,5067373.0,1984702.0,2304749.0,68696.0,2837138.0,5511.400000000001,57997.4,67978.4,16210.0,311561.0,-443297.0,-175686.0,1957506.0,-27196.0,10698.599999999999,-253563.6
16330,2011,106831.0,45837.0,60994.0,106472.0,1338.0,0.0,1338.0,105493.0,1338.0,-356.0,395294.0,4986.4400000000005,-10035.56,66149.44,14666.0,472011.0,-1200278.0,986706.0,59656.0,-45837.0,9679.56,-482046.56
16390,2011,15985229.0,2116540.0,13868689.0,5116660.0,13861109.0,5608304.0,8252805.0,2124120.0,5246126.0,1521537.0,12994486.0,-408265.88,2314053.12,531003.12,-1200782.0,681421.0,-341761.0,-386149.0,5615884.0,3491764.0,-792516.12,1632632.12
16438,2011,42094.0,221260.0,-179166.0,41800.0,878.0,0.0,878.0,41216.0,580.0,10997.0,0.0,1374.96,8327.96,-800.04,4044.0,-83.0,-52027.0,47573.0,-180044.0,-221260.0,2669.04,8410.96
16497,2011,218062.0,0.0,218062.0,7753.0,36376.0,28026268.0,-27989892.0,181686.0,15539.0,-814864.0,3363.0,437.92,-815714.08,45277.92,1288.0,-79342.0,-698289.0,950362.0,28207954.0,28026268.0,850.0799999999999,-736372.08
16632,2011,765369.0,0.0,765369.0,241475.0,557190.0,1144988.0,-587798.0,208179.0,286405.0,-40815.0,615248.0,-25583.980000000003,8848.019999999997,-8748.980000000003,-75247.0,637709.0,-10.0,-547245.0,1353167.0,1144988.0,-49663.02,-628860.98
16659,2011,16794820.0,0.0,16794820.0,12570359.0,12091505.0,15485606.0,-3394101.0,4703315.0,10184055.0,-8042733.0,0.0,295912.54000000004,-8617151.46,5748.540000000037,870331.0,1510680.0,-946615.0,-394054.0,20188921.0,15485606.0,574418.46,-10127831.46
1694,2011,251554.0,118224.0,133330.0,244077.0,43975.0,321514.0,-277539.0,207579.0,20419.0,-868114.0,34572.0,9770.240000000002,-887079.76,5046.240000000002,28736.0,573259.0,-599080.0,-187758.0,410869.0,203290.0,18965.76,-1460338.76
16950,2011,548922.0,13113874.0,-12564952.0,50512.0,321006.0,18967.0,302039.0,227916.0,53780.0,90.0,166495.0,-4386.34,8604.66,29626.66,-12901.0,1490742.0,-1082673.0,-638650.0,-12866991.0,-13094907.0,-8514.66,-1482137.34
16993,2011,1132142.0,0.0,1132142.0,169472.0,360257.0,291308.0,68949.0,771885.0,139687.0,99070.0,164093.0,37635.62,26012.620000000003,-113872.38,110693.0,835385.0,-1117896.0,145449.0,1063193.0,291308.0,73057.38,-809372.38
17329,2011,12371221.0,96.0,12371125.0,1612706.0,6920963.0,765104.0,6155859.0,5450258.0,1559196.0,101591.0,4326951.0,-127095.40000000001,348305.6,1694820.6,-373810.0,110723.0,-468556.0,510612.0,6215266.0,765008.0,-246714.59999999998,237582.59999999998
17337,2011,15612.0,0.0,15612.0,13230.0,137.0,74220.0,-74083.0,15475.0,137.0,-22233.0,0.0,384.20000000000005,-22978.8,-655.8,1130.0,2367560.0,4420610.0,-6120234.0,89695.0,74220.0,745.8,-2390538.8
17361,2011,5224.0,0.0,5224.0,5207.0,17.0,5092958.0,-5092941.0,5207.0,17.0,251282.0,0.0,145.52,250999.52,-287.48,428.0,2200590.0,753845.0,-3050037.0,5098165.0,5092958.0,282.48,-1949590.48
17388,2011,30677.0,367959.0,-337282.0,30435.0,910.0,417464.0,-416554.0,29767.0,612.0,-267.0,0.0,1036.3200000000002,-2278.68,-293.67999999999984,3048.0,620795.0,-310133.0,-578765.0,79272.0,49505.0,2011.6799999999998,-623073.68
17418,2011,7525.0,401425.0,-393900.0,6395.0,42.0,148593.0,-148551.0,7483.0,42.0,-5304.0,0.0,151.64000000000001,-5598.36,-561.36,446.0,79469.0,-776968.0,69996.0,-245349.0,-252832.0,294.36,-85067.36
17442,2011,20768236.0,0.0,20768236.0,6563762.0,15523933.0,1653053.0,13870880.0,5244303.0,4656430.0,1718.0,7330651.0,-333211.56,648540.44,390236.44,-980034.0,-239023.0,-1973877.0,3350848.0,6897356.0,1653053.0,-646822.44,887563.44
17450,2011,14142108.0,94485.0,14047623.0,2961988.0,10054547.0,13413732.0,-3359185.0,4087561.0,1941135.0,1582384.0,3173215.0,-311050.36000000004,2186187.64,855085.6399999999,-914854.0,164446.0,-136843.0,252486.0,17406808.0,13319247.0,-603803.6399999999,2021741.6400000001
17493,2011,1299757.0,0.0,1299757.0,1269246.0,39090.0,0.0,39090.0,1260667.0,39090.0,1672.0,0.0,-7366.4400000000005,15971.56,-471848.44,-21666.0,-1784.0,-1030.0,5369.0,1260667.0,0.0,-14299.56,17755.559999999998
17540,2011,26884.0,0.0,26884.0,26737.0,901.0,1155244.0,-1154343.0,25983.0,603.0,-2153.0,0.0,929.5600000000001,-3957.44,-132.43999999999994,2734.0,139772.0,-37045.0,-25974.0,1181227.0,1155244.0,1804.44,-143729.44
17558,2011,796677.0,72673.0,724004.0,766166.0,29220.0,0.0,29220.0,767457.0,29220.0,74630.0,0.0,-7568.740000000001,89322.26,-303738.74,-22261.0,33578.0,-57878.0,25284.0,694784.0,-72673.0,-14692.259999999998,55744.259999999995
17604,2011,17562219.0,1562170.0,16000049.0,4305300.0,6228790.0,1457037.0,4771753.0,11333429.0,3631705.0,-486148.0,9240404.0,127533.66,-733713.34,1647896.66,375099.0,148919.0,-39798.0,-108936.0,11228296.0,-105133.0,247565.34,-882632.34
17639,2011,23438221.0,0.0,23438221.0,8287126.0,10481484.0,2190421.0,8291063.0,12956737.0,6795630.0,1895462.0,17085977.0,-81211.72,2053108.28,1438874.28,-238858.0,162147.0,-407914.0,258629.0,15147158.0,2190421.0,-157646.28,1890961.28
17647,2011,22074821.0,15870.0,22058951.0,3258245.0,11567025.0,5003987.0,6563038.0,10507796.0,4229369.0,4362199.0,12233264.0,-252712.14,4852757.86,903933.86,-743271.0,-123980.0,90777.0,-40940.0,15495913.0,4988117.0,-490558.86,4976737.86
17671,2011,65489973.0,52230.0,65437743.0,11810118.0,22159188.0,0.0,22159188.0,43330785.0,12740263.0,-318431.0,29128740.0,-47495.280000000006,-226234.28,4454395.72,-139692.0,167748.0,-310045.0,471649.0,43278555.0,-52230.0,-92196.72,-393982.28
17779,2011,10966.0,2289383.0,-2278417.0,6868.0,49241.0,2641353.0,-2592112.0,-38275.0,41327.0,1281228.0,0.0,-1972.0000000000002,1285056.0,-1476.0000000000002,-5800.0,158909.0,-164648.0,-3339.0,313695.0,351970.0,-3828.0,1126147.0
17892,2011,2408421.0,9.0,2408412.0,440218.0,1122769.0,1900669.0,-777900.0,1285652.0,544381.0,8719764.0,1124670.0,-15968.78,8750762.22,277334.22,-46967.0,-602520.0,-469168.0,354547.0,3186312.0,1900660.0,-30998.22,9353282.22
17914,2011,6253077.0,0.0,6253077.0,1107848.0,3345796.0,901224.0,2444572.0,2907281.0,741877.0,37375.0,1035684.0,-87908.02,208019.97999999998,193519.97999999998,-258553.0,43885.0,-90235.0,90512.0,3808505.0,901224.0,-170644.97999999998,164134.97999999998
17922,2011,2414294.0,48538.0,2365756.0,1158356.0,1652181.0,837273.0,814908.0,762113.0,1306796.0,246336.0,67853.0,57973.060000000005,133800.06,-37905.939999999995,170509.0,83113.0,-91190.0,6478.0,1550848.0,788735.0,112535.94,50687.06
17930,2011,2478063.0,673640.0,1804423.0,376027.0,2163779.0,249641.0,1914138.0,314284.0,385426.0,47702.0,807307.0,-64485.420000000006,172879.58,226768.58,-189663.0,462214.0,-2407162.0,1872021.0,-109715.0,-423999.0,-125177.57999999999,-289334.42000000004
17973,2011,2966472.0,0.0,2966472.0,457129.0,1491141.0,7277483.0,-5786342.0,1475331.0,583682.0,910769.0,734553.0,1671.44,907524.44,34130.44,4916.0,204980.0,-78173.0,673088.0,8752814.0,7277483.0,3244.56,702544.44
18112,2011,46139418.0,0.0,46139418.0,14679440.0,20310573.0,1976220.0,18334353.0,25828845.0,14407913.0,61071.0,27126719.0,-159175.76,370059.24,9028752.24,-468164.0,2069519.0,-1452064.0,-829239.0,27805065.0,1976220.0,-308988.24,-1699459.76
18287,2011,185279.0,1677926.0,-1492647.0,147440.0,102788.0,5217998.0,-5115210.0,82491.0,76089.0,580167.0,38246.0,2121.94,576047.94,6877.9400000000005,6241.0,431500.0,-273698.0,-116851.0,3622563.0,3540072.0,4119.0599999999995,144547.93999999994
18350,2011,4130717.0,846062.0,3284655.0,748366.0,2176641.0,2132290.0,44351.0,1954076.0,600464.0,10888.0,1885956.0,-15837.880000000001,41632.119999999995,875608.12,-46582.0,-1657632.0,157190.0,1435899.0,3240304.0,1286228.0,-30744.12,1699264.12
18376,2011,8409496.0,3527.0,8405969.0,1837765.0,3870062.0,1468842.0,2401220.0,4539434.0,1921012.0,246169.0,2900805.0,-68176.8,378512.2,1047603.2,-200520.0,-22661.0,-153536.0,184438.0,6004749.0,1465315.0,-132343.2,401173.2
18414,2011,792461.0,0.0,792461.0,611911.0,676203.0,8214255.0,-7538052.0,116258.0,580176.0,-264169.0,1391916.0,-9411.54,-245899.54,-3963.540000000001,-27681.0,215845.0,-1861829.0,1626912.0,8330513.0,8214255.0,-18269.46,-461744.54000000004
18465,2011,13742739.0,0.0,13742739.0,6575494.0,8165503.0,13683528.0,-5518025.0,5577236.0,4097776.0,4448.0,48661304.0,-100811.36,200140.64,1050479.64,-296504.0,2029570.0,-36969.0,-185214.0,19260764.0,13683528.0,-195692.64,-1829429.3599999999
18651,2011,1199601.0,1822941.0,-623340.0,241314.0,543059.0,1155387.0,-612328.0,656542.0,143036.0,2023552.0,82962.0,-8264.04,2039593.96,-36007.04,-24306.0,1145446.0,-1001983.0,68009.0,-11012.0,-667554.0,-16041.96,894147.96
18660,2011,27413057.0,0.0,27413057.0,5363055.0,18860547.0,3231736.0,15628811.0,8552510.0,4499437.0,1448106.0,12764028.0,-234120.6,1902575.4,2036853.4,-688590.0,-924535.0,238769.0,1035580.0,11784246.0,3231736.0,-454469.4,2827110.4
18678,2011,81333619.0,38374.0,81295245.0,25737630.0,59358198.0,135973.0,59222225.0,21975421.0,17680376.0,-38762.0,27906989.0,-1293259.36,2471682.6399999997,1695580.64,-3803704.0,-189431.0,-109622.0,302531.0,22073020.0,97599.0,-2510444.6399999997,2661113.6399999997
18708,2011,757918.0,0.0,757918.0,437396.0,198614.0,0.0,198614.0,559304.0,127842.0,46128.0,196142.0,2369.46,41528.46,-6642.54,6969.0,549161.0,-256306.0,-159704.0,559304.0,0.0,4599.54,-507632.54
18716,2011,415514.0,10529.0,404985.0,117320.0,132416.0,1399618.0,-1267202.0,283098.0,49266.0,915260.0,128584.0,-664.7,916550.3,14550.3,-1955.0,29443.0,-471330.0,286171.0,1672187.0,1389089.0,-1290.3,887107.3
18724,2011,10739426.0,0.0,10739426.0,730296.0,2064773.0,6349236.0,-4284463.0,8674653.0,773286.0,723052.0,0.0,-27430.52,776299.48,2076799.48,-80678.0,4850.0,-2157.0,-37234.0,15023889.0,6349236.0,-53247.479999999996,771449.48
18775,2011,4939132.0,1107.0,4938025.0,641474.0,3253667.0,9469699.0,-6216032.0,1685465.0,1110224.0,-746683.0,1474231.0,-84954.78,-581770.78,105285.22,-249867.0,-261857.0,-796793.0,51623.0,11154057.0,9468592.0,-164912.22,-319913.78
18821,2011,12851366.0,361753.0,12489613.0,1380739.0,9637151.0,25228436.0,-15591285.0,3214215.0,2912071.0,3599157.0,5134296.0,-313730.92000000004,4208164.08,1519776.08,-922738.0,751458.0,-857018.0,192745.0,28080898.0,24866683.0,-609007.08,3456706.08
18902,2011,46988834.0,0.0,46988834.0,21965904.0,38492343.0,8011543.0,30480800.0,8496491.0,6476680.0,404396.0,16519584.0,-680954.04,1726247.96,4921008.96,-2002806.0,-210131.0,43404.0,53327.0,16508034.0,8011543.0,-1321851.96,1936378.96
18953,2011,7716399.0,6732779.0,983620.0,483931.0,5041427.0,4883589.0,157838.0,2674972.0,466822.0,295504.0,1335788.0,-151046.02000000002,588710.98,1016258.98,-444253.0,-434827.0,-2620070.0,3766069.0,825782.0,-1849190.0,-293206.98,1023537.98
18961,2011,3647600.0,0.0,3647600.0,816877.0,1642001.0,1625608.0,16393.0,2005599.0,548514.0,-64632.0,1232168.0,-6112.18,-52767.18,54001.82,-17977.0,-99337.0,-46698.0,282378.0,3631207.0,1625608.0,-11864.82,46569.82
18970,2011,17203706.0,0.0,17203706.0,4067507.0,9144642.0,1076545.0,8068097.0,8059064.0,3342725.0,42137.0,9917958.0,-57722.14000000001,154185.86,1842802.86,-169771.0,125414.0,-140028.0,-28482.0,9135609.0,1076545.0,-112048.85999999999,28771.859999999986
19046,2011,2921700.0,0.0,2921700.0,1302568.0,2527911.0,7256986.0,-4729075.0,393789.0,533227.0,-4456.0,1382641.0,-74628.98000000001,140412.02,153727.02,-219497.0,81871.0,-284353.0,161428.0,7650775.0,7256986.0,-144868.02,58541.01999999999
19062,2011,8073714.0,30668.0,8043046.0,899311.0,6098475.0,2436218.0,3662257.0,1975239.0,1023516.0,2951039.0,1153688.0,-129768.82,3202943.18,547408.1799999999,-381673.0,109467.0,-38205.0,-6197.0,4380789.0,2405550.0,-251904.18,3093476.18
19100,2011,2647457.0,0.0,2647457.0,1120650.0,2149316.0,6179567.0,-4030251.0,498141.0,1150354.0,2667509.0,2956199.0,-15121.840000000002,2696863.16,74060.16,-44476.0,-564444.0,78359.0,551645.0,6677708.0,6179567.0,-29354.159999999996,3261307.16
19305,2011,12550.0,608229.0,-595679.0,3396.0,21308.0,232620.0,-211312.0,-8758.0,8857.0,31552.0,0.0,-187.68,31916.32,-4310.68,-552.0,407040.0,-213923.0,-230463.0,-384367.0,-375609.0,-364.32,-375123.68
19313,2011,11538858.0,397761.0,11141097.0,3117212.0,6734541.0,98753.0,6635788.0,4804317.0,2616738.0,-2043.0,9835578.0,-14681.2,26455.8,1530299.8,-43180.0,90685.0,-242370.0,131339.0,4505309.0,-299008.0,-28498.8,-64229.2
19330,2011,3403687.0,3489.0,3400198.0,297433.0,2043145.0,3987041.0,-1943896.0,1360542.0,495769.0,310647.0,695417.0,-43432.96000000001,394958.04,86938.04,-127744.0,73861.0,-1551632.0,2129344.0,5344094.0,3983552.0,-84311.04,321097.04
19348,2011,818136000.0,9175.0,818126825.0,10668000.0,244782000.0,547878.0,244234122.0,573354000.0,2815000.0,177493.0,103601000.0,-1237940.0,2580553.0,17013060.0,-3641000.0,-9627.0,-733737.0,1114641.0,573892703.0,538703.0,-2403060.0,2590180.0
19437,2011,6517333.0,0.0,6517333.0,819774.0,4454087.0,2133110.0,2320977.0,2063246.0,696597.0,-59627.0,1153258.0,-111194.96,156222.03999999998,568493.04,-327044.0,-9344.0,-136014.0,126787.0,4196356.0,2133110.0,-215849.03999999998,165566.03999999998
19445,2011,8267308.0,0.0,8267308.0,826321.0,3733704.0,217281.0,3516423.0,4533604.0,972255.0,63890.0,3224932.0,-32603.280000000002,127178.72,527795.72,-95892.0,115951.0,-248564.0,108672.0,4750885.0,217281.0,-63288.72,11227.720000000001
19453,2011,4156437.0,2324.0,4154113.0,877632.0,2271336.0,4814916.0,-2543580.0,1885101.0,861930.0,-401862.0,1827371.0,-62247.200000000004,-281029.2,508398.8,-183080.0,-2551.0,-4733.0,22325.0,6697693.0,4812592.0,-120832.79999999999,-278478.2
19550,2011,3793012.0,8809.0,3784203.0,2203259.0,2542767.0,264958.0,2277809.0,1250245.0,1274719.0,607021.0,5591374.0,-26295.600000000002,658065.4,881945.4,-77340.0,565382.0,-215738.0,-259866.0,1506394.0,256149.0,-51044.399999999994,92683.40000000002
19569,2011,10655141.0,6864.0,10648277.0,3138303.0,8449230.0,30482.0,8418748.0,2205911.0,3595665.0,32142.0,7539308.0,-257010.76,531045.24,-252634.76,-755914.0,17888.0,-317359.0,206748.0,2229529.0,23618.0,-498903.24,513157.24
19615,2011,2045624.0,118765.0,1926859.0,1815815.0,244672.0,282192.0,-37520.0,1800952.0,229549.0,0.0,1482636.0,52021.020000000004,-100981.98,204469.02000000002,153003.0,-88384.0,-175187.0,556409.0,1964379.0,163427.0,100981.98,-12597.979999999996
19623,2011,4282796.0,27088.0,4255708.0,1003217.0,1740776.0,1909109.0,-168333.0,2542020.0,590211.0,29451.0,2179874.0,-55645.420000000006,137468.58,253272.58,-163663.0,140959.0,-303189.0,-72380.0,4424041.0,1882021.0,-108017.57999999999,-3490.420000000013
19658,2011,182416.0,0.0,182416.0,38687.0,135604.0,13123.0,122481.0,46812.0,56065.0,37422.0,52522.0,-5706.900000000001,48500.1,-10520.900000000001,-16785.0,85724.0,-36523.0,-36979.0,59935.0,13123.0,-11078.099999999999,-37223.9
19739,2011,4009554.0,513136.0,3496418.0,1147636.0,2888971.0,24398.0,2864573.0,1120583.0,793778.0,79672.0,2918130.0,-60873.600000000006,197838.4,409808.4,-179040.0,-49045.0,-162242.0,188417.0,631845.0,-488738.0,-118166.4,246883.4
19763,2011,13662280.0,0.0,13662280.0,2714873.0,7114642.0,1399068.0,5715574.0,6547638.0,2688197.0,23285.0,5401662.0,-96370.28000000001,210356.71999999997,878787.72,-283442.0,-52291.0,-1915.0,-49833.0,7946706.0,1399068.0,-187071.71999999997,262647.72
19771,2011,5550279.0,316612.0,5233667.0,1390333.0,4151828.0,3850647.0,301181.0,1398451.0,945480.0,708007.0,2712120.0,-70451.06000000001,844764.94,541153.94,-207209.0,546871.0,-192093.0,-175701.0,4932486.0,3534035.0,-136757.94,297893.93999999994
19798,2011,456583.0,139679.0,316904.0,157125.0,241522.0,141567.0,99955.0,215061.0,101578.0,-5993.0,231886.0,-6706.84,7026.16,-20325.84,-19726.0,110871.0,45604.0,-203406.0,216949.0,1888.0,-13019.16,-103844.84
19879,2011,10981660.0,336940.0,10644720.0,2726875.0,7760286.0,818022.0,6942264.0,3221374.0,1987128.0,-52049.0,6944785.0,-155604.74000000002,250007.25999999998,612703.26,-457661.0,58132.0,-155908.0,12547.0,3702456.0,481082.0,-302056.26,191875.25999999998
19909,2011,14081717.0,1041710.0,13040007.0,915262.0,6838990.0,2812091.0,4026899.0,7242727.0,1032080.0,1269012.0,861475.0,-103935.62000000001,1470769.38,991412.38,-305693.0,41321.0,-169751.0,123551.0,9013108.0,1770381.0,-201757.38,1429448.38
19917,2011,542392.0,0.0,542392.0,382491.0,232925.0,2321262.0,-2088337.0,309467.0,164086.0,335409.0,1031618.0,3981.4,327680.4,24413.4,11710.0,-172653.0,183399.0,-18739.0,2630729.0,2321262.0,7728.6,500333.4
19925,2011,6439379.0,0.0,6439379.0,1180746.0,2746646.0,6029014.0,-3282368.0,3692733.0,242545.0,366544.0,343464.0,-76093.02,514253.98,483118.98,-223803.0,-23329.0,-22729.0,-57951.0,9721747.0,6029014.0,-147709.97999999998,537582.98
19933,2011,24619437.0,39377.0,24580060.0,18476699.0,10931172.0,352160.0,10579012.0,13688265.0,10931172.0,320.0,4462914.0,295632.72000000003,-573555.28,882159.72,869508.0,427775.0,-1800961.0,194531.0,14001048.0,312783.0,573875.28,-1001330.28
19992,2011,1337848.0,2171.0,1335677.0,621340.0,587981.0,0.0,587981.0,749867.0,315531.0,193974.0,1279160.0,-6033.9800000000005,205687.02,181096.02,-17747.0,11082.0,-106684.0,158463.0,747696.0,-2171.0,-11713.02,194605.02
20010,2011,3398831.0,1372671.0,2026160.0,1053617.0,2140288.0,3632922.0,-1492634.0,1258543.0,787004.0,352644.0,1980528.0,-18165.52,387906.48,281431.48,-53428.0,1684313.0,-176520.0,-1547162.0,3518794.0,2260251.0,-35262.479999999996,-1296406.52
20028,2011,915601.0,0.0,915601.0,467293.0,412291.0,392294.0,19997.0,503310.0,222944.0,1554145.0,873919.0,-15905.880000000001,1585021.12,106211.12,-46782.0,400585.0,19119.0,-420344.0,895604.0,392294.0,-30876.12,1184436.12
20060,2011,1503219.0,0.0,1503219.0,490889.0,1546953.0,13467709.0,-11920756.0,-43734.0,864738.0,374860.0,574003.0,-67576.36,506037.64,-100260.36,-198754.0,1322.0,-79246.0,200269.0,13423975.0,13467709.0,-131177.64,504715.64
20087,2011,16616375.0,984180.0,15632195.0,9696702.0,10767942.0,888245.0,9879697.0,5848433.0,5330598.0,385413.0,9858055.0,-47498.0,477615.0,263456.0,-139700.0,-2264.0,-36365.0,100053.0,5752498.0,-95935.0,-92202.0,479879.0
20125,2011,993258.0,12233.0,981025.0,284706.0,229218.0,1351019.0,-1121801.0,764040.0,151614.0,38031.0,835263.0,6010.52,26363.52,134002.52,17678.0,98022.0,-468556.0,511543.0,2102826.0,1338786.0,11667.48,-71658.48
20141,2011,809275.0,0.0,809275.0,332409.0,508535.0,27854965.0,-27346430.0,300740.0,137421.0,380337.0,457761.0,-7036.9800000000005,393997.02,32299.02,-20697.0,-29081.0,-21274.0,46025.0,28155705.0,27854965.0,-13660.02,423078.02
20168,2011,14350197.0,139679.0,14210518.0,5573730.0,5481164.0,0.0,5481164.0,8869033.0,719308.0,220769.0,0.0,2080.8,216729.8,-513924.2,6120.0,-137729.0,-173251.0,268385.0,8729354.0,-139679.0,4039.2,354458.8
20214,2011,3655050.0,2368821.0,1286229.0,955974.0,2067731.0,238924.0,1828807.0,1587319.0,997614.0,-1191905.0,2627212.0,-33833.4,-1126228.4,451089.6,-99510.0,55507.0,-4720.0,-10416.0,-542578.0,-2129897.0,-65676.6,-1181735.4
20257,2011,6490580.0,311929.0,6178651.0,1565781.0,4238108.0,4772414.0,-534306.0,2252472.0,1657918.0,144411.0,997244.0,-60763.780000000006,262364.22,613352.22,-178717.0,-503418.0,378206.0,161364.0,6712957.0,4460485.0,-117953.22,765782.22
20265,2011,9048749.0,1515.0,9047234.0,4129112.0,6030995.0,1095446.0,4935549.0,3017754.0,2067431.0,308919.0,3727273.0,-58677.54,422822.46,440734.46,-172581.0,-37285.0,-868944.0,991682.0,4111685.0,1093931.0,-113903.45999999999,460107.46
20320,2011,15681247.0,106638.0,15574609.0,3269910.0,10595171.0,227318.0,10367853.0,5086076.0,6269073.0,1456035.0,4556700.0,-235131.08000000002,1912465.92,1725442.92,-691562.0,-103109.0,-307907.0,655811.0,5206756.0,120680.0,-456430.92,2015574.92
20338,2011,3058156.0,435491.0,2622665.0,840652.0,1052383.0,1373328.0,-320945.0,2005773.0,559790.0,80596.0,2911033.0,-4434.62,89204.38,375152.38,-13043.0,644484.0,-1677915.0,1233158.0,2943610.0,937837.0,-8608.380000000001,-555279.62
20346,2011,1233124.0,44226.0,1188898.0,1140681.0,691653.0,1070834.0,-379181.0,541471.0,512573.0,11548.0,3317048.0,-10604.26,32132.739999999998,47776.74,-31189.0,1316905.0,-4472333.0,1034117.0,1568079.0,1026608.0,-20584.739999999998,-1284772.26
20354,2011,2824828.0,27745.0,2797083.0,1012270.0,1535702.0,228015.0,1307687.0,1289126.0,1026765.0,103889.0,883272.0,-25647.22,153674.78,-74983.22,-75433.0,194219.0,-607250.0,1297757.0,1489396.0,200270.0,-49785.78,-40544.22
20362,2011,1568041.0,112007.0,1456034.0,1273320.0,948869.0,1442657.0,-493788.0,619172.0,783078.0,9713.0,2081291.0,-6441.64,22217.36,-55402.64,-18946.0,71475.0,-58909.0,-6791.0,1949822.0,1330650.0,-12504.36,-49257.64
20370,2011,1132888.0,0.0,1132888.0,345070.0,601932.0,60977.0,540955.0,530956.0,209202.0,816291.0,432388.0,26181.02,765469.02,99809.02,77003.0,-87.0,-1383.0,1527.0,591933.0,60977.0,50821.979999999996,765556.02
20419,2011,4284855.0,733963.0,3550892.0,271145.0,3186149.0,1484604.0,1701545.0,1098706.0,692241.0,150631.0,217645.0,-128862.38,400775.62,49700.619999999995,-379007.0,138399.0,-210536.0,302711.0,1849347.0,750641.0,-250144.62,262376.62
20435,2011,3943761.0,0.0,3943761.0,2681117.0,2311447.0,1028534.0,1282913.0,1632314.0,1066987.0,330741.0,1596145.0,21398.920000000002,289201.92,102871.92,62938.0,-94755.0,-69989.0,168757.0,2660848.0,1028534.0,41539.08,383956.92
20451,2011,2031159.0,0.0,2031159.0,1684108.0,1318219.0,6970601.0,-5652382.0,712940.0,521776.0,-69439.0,746684.0,-13582.320000000002,-43073.32,84257.68,-39948.0,-62850.0,13118.0,114907.0,7683541.0,6970601.0,-26365.68,19776.68
20478,2011,17253079.0,0.0,17253079.0,12657018.0,10816193.0,915980.0,9900213.0,6436886.0,5023540.0,844864.0,6877380.0,-12719.060000000001,869553.94,732696.94,-37409.0,1653.0,-92888.0,0.0,7352866.0,915980.0,-24689.94,867900.94
20486,2011,2895118.0,161942.0,2733176.0,1567451.0,2310337.0,773847.0,1536490.0,584781.0,785662.0,18639.0,946933.0,-14429.26,46648.74,-164792.26,-42439.0,-338.0,0.0,400.0,1196686.0,611905.0,-28009.739999999998,46986.74
20494,2011,2897032.0,0.0,2897032.0,837686.0,1318171.0,991568.0,326603.0,1578861.0,254506.0,24012.0,329522.0,-7098.18,37790.82,165773.82,-20877.0,-15395.0,-37494.0,107605.0,2570429.0,991568.0,-13778.82,53185.82
20524,2011,3489080.0,0.0,3489080.0,3088867.0,1894606.0,750631.0,1143975.0,1594474.0,997696.0,-315989.0,1908348.0,4422.72,-324574.28,224196.72,13008.0,5019.0,-598820.0,786707.0,2345105.0,750631.0,8585.279999999999,-329593.28
20532,2011,399886082.0,301897.0,399584185.0,65938003.0,108434396.0,54653.0,108379743.0,291451686.0,5047288.0,0.0,51736080.0,-392592.22000000003,762090.78,8517943.78,-1154683.0,-8106.0,-1871.0,4927.0,291204442.0,-247244.0,-762090.78,770196.78
20540,2011,6545534.0,1232561.0,5312973.0,809535.0,3258594.0,677499.0,2581095.0,3286940.0,522545.0,-23066.0,171854.0,7560.920000000001,-37743.08,56259.92,22238.0,48785.0,-86878.0,29748.0,2731878.0,-555062.0,14677.079999999998,-86528.08
20567,2011,11153181.0,0.0,11153181.0,345740.0,1303343.0,2069785.0,-766442.0,9849838.0,113398.0,-42420.0,754557.0,-27684.840000000004,11321.159999999996,237932.16,-81426.0,2197568.0,-2440807.0,619827.0,11919623.0,2069785.0,-53741.159999999996,-2186246.84
20575,2011,47410884.0,10767.0,47400117.0,17931281.0,25811696.0,4440536.0,21371160.0,21599188.0,10395699.0,-54651.0,61796761.0,-683647.52,1272429.48,1004195.48,-2010728.0,36045.0,-28358.0,-3769.0,26028957.0,4429769.0,-1327080.48,1236384.48
20605,2011,2545388.0,2037870.0,507518.0,1290650.0,1377365.0,2677006.0,-1299641.0,1168023.0,538485.0,439044.0,909436.0,-7563.9800000000005,453727.02,235452.02,-22247.0,65563.0,-20417.0,-29650.0,1807159.0,639136.0,-14683.02,388164.02
20613,2011,951102.0,0.0,951102.0,662682.0,693933.0,151500.0,542433.0,257169.0,321934.0,1.0,755241.0,-6070.360000000001,11784.64,22909.64,-17854.0,-1287834.0,8393.0,-1367.0,408669.0,151500.0,-11783.64,1299618.64
20621,2011,2594203.0,92715.0,2501488.0,1852118.0,2120591.0,820848.0,1299743.0,473612.0,1891477.0,334631.0,4704007.0,-71792.36,473992.64,203251.64,-211154.0,39931.0,-20401.0,-7285.0,1201745.0,728133.0,-139361.64,434061.64
20630,2011,787859.0,27066.0,760793.0,449768.0,346844.0,3329709.0,-2982865.0,441015.0,225010.0,-200444.0,195616.0,-4325.820000000001,-192046.82,23192.18,-12723.0,94386.0,-109234.0,-16531.0,3743658.0,3302643.0,-8397.18,-286432.82
20656,2011,465793.0,87468.0,378325.0,236562.0,122472.0,226157.0,-103685.0,343321.0,84845.0,44246.0,295032.0,-260.78000000000003,44752.22,-41921.78,-767.0,10006.0,-11110.0,-10571.0,482010.0,138689.0,-506.21999999999997,34746.22
20680,2011,4467774.0,8674.0,4459100.0,47431.0,1157198.0,305346.0,851852.0,3310576.0,16344.0,8170.0,882690.0,5953.06,-3385.9399999999996,25812.06,17509.0,942310.0,-3229255.0,1796717.0,3607248.0,296672.0,11555.939999999999,-945695.94
20702,2011,3118797.0,3377953.0,-259156.0,1983191.0,2112894.0,200711.0,1912183.0,1005903.0,1133674.0,-15116.0,727419.0,-12346.080000000002,8849.919999999998,-90962.08,-36312.0,43038.0,-168294.0,132780.0,-2171339.0,-3177242.0,-23965.92,-34188.08
20710,2011,1507111.0,0.0,1507111.0,215878.0,973270.0,8937.0,964333.0,533841.0,119800.0,11666.0,658720.0,-16095.260000000002,42909.74,-46918.26,-47339.0,-201781.0,-19576.0,381618.0,542778.0,8937.0,-31243.739999999998,244690.74
20745,2011,3584453.0,0.0,3584453.0,987095.0,1664217.0,146303.0,1517914.0,1920236.0,817592.0,45165.0,1005640.0,-5338.34,55527.66,170354.66,-15701.0,54256.0,-62993.0,304058.0,2066539.0,146303.0,-10362.66,1271.6600000000035
20753,2011,13261987.0,0.0,13261987.0,14283.0,5464228.0,247180.0,5217048.0,7797759.0,0.0,-67907.0,1704349.0,24330.06,-115135.94,-146112.94,71559.0,3898189.0,-4016723.0,1331.0,8044939.0,247180.0,47228.94,-4013324.94
20770,2011,1774278.0,105852.0,1668426.0,898830.0,356917.0,2834924.0,-2478007.0,1417361.0,247089.0,363852.0,744185.0,21960.260000000002,321223.26,288112.26,64589.0,34.0,0.0,-20.0,4146433.0,2729072.0,42628.74,321189.26
20788,2011,23823441.0,25008.0,23798433.0,9359113.0,20404227.0,3332526.0,17071701.0,3419214.0,6673099.0,691716.0,21884909.0,-785034.8400000001,2215607.16,777208.1599999999,-2308926.0,8170.0,3729.0,-370.0,6726732.0,3307518.0,-1523891.16,2207437.16
20796,2011,11343221.0,59935848.0,-48592627.0,938202.0,3807228.0,636728.0,3170500.0,7535993.0,43149.0,-194645.0,1791813.0,-39001.060000000005,-118937.06,369701.94,-114709.0,502026.0,46305.0,-181309.0,-51763127.0,-59299120.0,-75707.94,-620963.06
20800,2011,953130.0,19618.0,933512.0,432484.0,555042.0,0.0,555042.0,398088.0,180436.0,-5.0,1509364.0,-10535.92,20447.08,119522.08,-30988.0,188016.0,-185792.0,16631.0,378470.0,-19618.0,-20452.08,-167568.91999999998
20842,2011,5334169.0,30106.0,5304063.0,2063992.0,2681008.0,919301.0,1761707.0,2653161.0,689198.0,-38001.0,2318903.0,-41280.08,42130.92,178681.91999999998,-121412.0,29907.0,-38519.0,19291.0,3542356.0,889195.0,-80131.92,12223.919999999998
20850,2011,194045.0,0.0,194045.0,87662.0,163071.0,235647.0,-72576.0,30974.0,68196.0,-52877.0,296175.0,-3165.7400000000002,-46731.74,-11112.74,-9311.0,759266.0,-810570.0,216022.0,266621.0,235647.0,-6145.26,-805997.74
20877,2011,2630337.0,1434177.0,1196160.0,1774019.0,1721344.0,5862063.0,-4140719.0,908993.0,819375.0,88176.0,1178528.0,12694.92,63532.92,206349.92,37338.0,40708.0,-45518.0,-11348.0,5336879.0,4427886.0,24643.08,22824.92
20885,2011,4239476.0,148075.0,4091401.0,47055.0,835070.0,998511.0,-163441.0,3404406.0,37110.0,-33345.0,741250.0,12475.62,-57562.38,-54237.38,36693.0,32635.0,-19308.0,-7168.0,4254842.0,850436.0,24217.379999999997,-90197.38
20907,2011,1016102.0,417402.0,598700.0,82176.0,285223.0,472598.0,-187375.0,730879.0,151147.0,128185.0,186931.0,-3993.6400000000003,135937.36,17396.36,-11746.0,6398.0,-16820.0,11651.0,786075.0,55196.0,-7752.36,129539.35999999999
20915,2011,9160646.0,498048.0,8662598.0,5998840.0,5490557.0,563130.0,4927427.0,3670089.0,2648575.0,70937.0,4015063.0,3261.96,64604.96,809958.96,9594.0,-143023.0,-10824.0,149193.0,3735171.0,65082.0,6332.04,207627.96
20931,2011,3499191.0,0.0,3499191.0,1703367.0,2886521.0,98246.0,2788275.0,612670.0,980892.0,24390.0,3976977.0,-127415.68000000001,271726.32,289051.32,-374752.0,207660.0,-29269.0,36325.0,710916.0,98246.0,-247336.32,64066.32000000001
20958,2011,10391898.0,147565.0,10244333.0,74166.0,2492532.0,404442.0,2088090.0,7899366.0,93208.0,33109612.0,1310997.0,-31863.440000000002,33171464.56,297451.56,-93716.0,-201462.0,-162900.0,337064.0,8156243.0,256877.0,-61852.56,33372926.56
20966,2011,2679424.0,47521.0,2631903.0,1421778.0,1472927.0,868628.0,604299.0,1206497.0,739589.0,14795.0,1407841.0,-36498.32,85644.68,-66673.32,-107348.0,-10043.0,-2723.0,14464.0,2027604.0,821107.0,-70849.68,95687.68
20974,2011,1266020.0,4688.0,1261332.0,355681.0,576735.0,434609.0,142126.0,689285.0,130265.0,-1291.0,526614.0,-4781.08,7989.92,38731.92,-14062.0,398492.0,-346039.0,-178963.0,1119206.0,429921.0,-9280.92,-390502.08
20982,2011,4703944.0,199801.0,4504143.0,978539.0,1487584.0,2763107.0,-1275523.0,3216360.0,379000.0,495399.0,676252.0,10730.060000000001,474570.06,288090.06,31559.0,-209166.0,-153953.0,335609.0,5779666.0,2563306.0,20828.94,683736.06
20990,2011,4090027.0,1097354.0,2992673.0,2801029.0,2951179.0,234489.0,2716690.0,1138848.0,1400221.0,-175196.0,4232137.0,-126488.16,70339.84,156367.84,-372024.0,1050536.0,-59248.0,-46329.0,275983.0,-862865.0,-245535.84,-980196.16
2100,2011,233865.0,7.0,233858.0,165378.0,193382.0,4154092.0,-3960710.0,40483.0,96253.0,41715.0,278773.0,-4802.84,51038.16,15882.16,-14126.0,-144043.0,-9113.0,326148.0,4194568.0,4154085.0,-9323.16,195081.16
21008,2011,1281828.0,854062.0,427766.0,165769.0,948715.0,254396.0,694319.0,333113.0,111385.0,-38538.0,137341.0,-36805.68,32908.32,33445.32,-108252.0,-5.0,0.0,0.0,-266553.0,-599666.0,-71446.32,32913.32
21016,2011,1068718.0,990.0,1067728.0,492239.0,449783.0,1448291.0,-998508.0,618935.0,134668.0,218464.0,1148437.0,-1901.2800000000002,222154.72,73845.72,-5592.0,150942.0,43957.0,-141519.0,2066236.0,1447301.0,-3690.72,71212.72
21032,2011,2046485.0,0.0,2046485.0,495591.0,1467141.0,188042.0,1279099.0,579344.0,546144.0,323887.0,1682158.0,-29733.680000000004,381605.32,202102.32,-87452.0,-16713051.0,-356764.0,10631862.0,767386.0,188042.0,-57718.31999999999,17094656.32
21040,2011,1421639.0,116400.0,1305239.0,423110.0,869131.0,1021892.0,-152761.0,552508.0,401328.0,373582.0,309297.0,-9097.720000000001,391242.28,145845.28,-26758.0,-187644.0,-10915.0,200680.0,1458000.0,905492.0,-17660.28,578886.28
21067,2011,2011344.0,106545.0,1904799.0,1289606.0,1661320.0,0.0,1661320.0,350024.0,604996.0,-11012.0,695062.0,-5222.06,-875.0600000000004,107878.94,-15359.0,182543.0,-243426.0,25571.0,243479.0,-106545.0,-10136.939999999999,-183418.06
21091,2011,6814150.0,0.0,6814150.0,1933005.0,3121340.0,0.0,3121340.0,3692810.0,1141539.0,0.0,2970365.0,-41448.04,80457.95999999999,455317.96,-121906.0,6431684.0,-8140046.0,3701823.0,3692810.0,0.0,-80457.95999999999,-6351226.04
21113,2011,17230483.0,0.0,17230483.0,351946.0,5167714.0,3252651.0,1915063.0,12062769.0,29789.0,-407166.0,2716063.0,-27447.52,-353885.52,387251.48,-80728.0,56322101.0,-57838237.0,7664272.0,15315420.0,3252651.0,-53280.479999999996,-56675986.52
21130,2011,1664719.0,0.0,1664719.0,1219460.0,1196621.0,61871.0,1134750.0,468098.0,683048.0,-358332.0,782288.0,-10606.300000000001,-337743.3,-17949.300000000003,-31195.0,1805713.0,-202242.0,-1937559.0,529969.0,61871.0,-20588.699999999997,-2143456.3
21148,2011,3488525.0,205049.0,3283476.0,2751907.0,1405247.0,100820.0,1304427.0,2083278.0,1205404.0,-16922.0,445982.0,5324.06,-27256.94,-670059.94,15659.0,743203.0,-1135785.0,361658.0,1979049.0,-104229.0,10334.939999999999,-770459.94
21156,2011,634684.0,49089.0,585595.0,303947.0,308785.0,401.0,308384.0,325899.0,147757.0,90880.0,1226979.0,-5240.42,101052.58,40679.58,-15413.0,-201565.0,-177933.0,323612.0,277211.0,-48688.0,-10172.58,302617.58
21172,2011,5392361.0,0.0,5392361.0,1938479.0,3870794.0,141412.0,3729382.0,1521567.0,2128198.0,-636.0,9008826.0,-19061.760000000002,36366.24,215765.24,-56064.0,33996.0,-115859.0,84061.0,1662979.0,141412.0,-37002.24,2370.239999999998
21180,2011,923772.0,0.0,923772.0,267583.0,167010.0,995820.0,-828810.0,756762.0,115982.0,9644.0,407711.0,9113.02,-8045.98,100170.02,26803.0,-507964.0,-251708.0,833150.0,1752582.0,995820.0,17689.98,499918.02
21199,2011,15266340.0,37496.0,15228844.0,25816.0,6439372.0,37206.0,6402166.0,8826968.0,533.0,252773.0,5210106.0,188149.54,-112458.45999999999,-134163.46,553381.0,4201780.0,-5275011.0,4740715.0,8826678.0,-290.0,365231.45999999996,-4314238.46
21202,2011,676168.0,63217.0,612951.0,201823.0,504373.0,4360931.0,-3856558.0,171795.0,110190.0,181048.0,687367.0,-13590.480000000001,207429.52,60510.52,-39972.0,64423.0,-72048.0,-67168.0,4469509.0,4297714.0,-26381.519999999997,143006.52
21237,2011,7953680.0,0.0,7953680.0,1708592.0,6583605.0,47517.0,6536088.0,1370075.0,1632130.0,-4675.0,168279.0,-68811.58,128900.42,-268286.58,-202387.0,123964.0,-61310.0,-33393.0,1417592.0,47517.0,-133575.41999999998,4936.419999999998
21300,2011,2394961.0,0.0,2394961.0,339854.0,1036981.0,1593207.0,-556226.0,1357980.0,124931.0,21036.0,253545.0,-6472.240000000001,33599.76,116452.76,-19036.0,-1346.0,0.0,0.0,2951187.0,1593207.0,-12563.759999999998,34945.76
21342,2011,4448401.0,0.0,4448401.0,1315810.0,1748094.0,0.0,1748094.0,2700307.0,676601.0,1048529.0,144233.0,46560.280000000006,958147.28,-85696.72,136942.0,7547.0,-5882.0,-2737.0,2700307.0,0.0,90381.72,950600.28
21350,2011,2451913.0,0.0,2451913.0,1913558.0,1219430.0,7821766.0,-6602336.0,1232483.0,667364.0,47835.0,1072312.0,9832.12,28749.120000000003,162504.12,28918.0,18218.0,-27420.0,-1195.0,9054249.0,7821766.0,19085.879999999997,10531.120000000003
21377,2011,2471768.0,6650420.0,-4178652.0,11471.0,504560.0,237874.0,266686.0,1967208.0,488.0,3667234.0,377885.0,-4553.62,3676073.38,42151.38,-13393.0,1710133.0,-1457876.0,-1104419.0,-4445338.0,-6412546.0,-8839.380000000001,1965940.38
21431,2011,13325286.0,5206.0,13320080.0,4718407.0,6679352.0,1952623.0,4726729.0,6645934.0,1599875.0,13260.0,3324630.0,-206864.84000000003,414821.16,228739.15999999997,-608426.0,5407.0,-866.0,-3873.0,8593351.0,1947417.0,-401561.16,409414.16
21482,2011,2280971.0,1009068.0,1271903.0,589534.0,1375349.0,689228.0,686121.0,905622.0,631683.0,70155.0,15649.0,18324.300000000003,34584.3,-88447.7,53895.0,26255.0,-26079.0,0.0,585782.0,-319840.0,35570.7,8329.300000000003
21490,2011,6410723.0,16552.0,6394171.0,1500212.0,3597402.0,1991953.0,1605449.0,2813321.0,918682.0,-12061.0,1213645.0,-67871.82,119690.18,570795.1799999999,-199623.0,-13829.0,-12110.0,-11861.0,4788722.0,1975401.0,-131751.18,133519.18
21520,2011,1551053.0,1265.0,1549788.0,220293.0,1631785.0,1037339.0,594446.0,-80732.0,357700.0,-19514.0,168827.0,-37649.560000000005,53570.439999999995,-285247.56,-110734.0,68544.0,-21586.0,-29050.0,955342.0,1036074.0,-73084.44,-14973.560000000005
21539,2011,273086.0,0.0,273086.0,50731.0,148000.0,52969.0,95031.0,125086.0,60648.0,98550.0,12914.0,-6226.080000000001,110635.92,-10980.080000000002,-18312.0,1612070.0,-1661135.0,115096.0,178055.0,52969.0,-12085.919999999998,-1501434.08
21555,2011,1214753.0,1080.0,1213673.0,540515.0,680686.0,353469.0,327217.0,534067.0,93470.0,11126.0,670934.0,-37205.18,83347.82,7589.82,-109427.0,42062309.0,-24703332.0,-23604775.0,886456.0,352389.0,-72221.82,-41978961.18
21563,2011,604060.0,0.0,604060.0,169906.0,316596.0,1371717.0,-1055121.0,287464.0,108394.0,22576.0,162617.0,-7643.88,37414.12,16636.12,-22482.0,1710018.0,-2111158.0,727064.0,1659181.0,1371717.0,-14838.119999999999,-1672603.88
21610,2011,23589922.0,205745.0,23384177.0,2401134.0,4332431.0,234033.0,4098398.0,19257491.0,1929946.0,-68728.0,2115983.0,95447.86,-254009.14,863247.86,280729.0,145983.0,22674.0,-184933.0,19285779.0,28288.0,185281.14,-399992.14
21636,2011,1614581.0,708302.0,906279.0,411830.0,932627.0,94565.0,838062.0,681954.0,178683.0,117860.0,36553.0,1757.1200000000001,114449.12,-15471.88,5168.0,481643.0,-528940.0,126748.0,68217.0,-613737.0,3410.88,-367193.88
21652,2011,2656221.0,199781.0,2456440.0,1129141.0,2247978.0,1400770.0,847208.0,408243.0,1165553.0,18902.0,2956199.0,-18795.88,55388.119999999995,68489.12,-55282.0,2777500.0,-2866470.0,494744.0,1609232.0,1200989.0,-36486.119999999995,-2722111.88
21717,2011,126675.0,0.0,126675.0,124422.0,75567.0,164249.0,-88682.0,51108.0,75376.0,-187223.0,242199.0,3475.4800000000005,-193969.52,102756.48,10222.0,16234.0,-293662.0,276270.0,215357.0,164249.0,6746.5199999999995,-210203.52
21725,2011,52058.0,145294.0,-93236.0,42045.0,53492.0,740494.0,-687002.0,-1434.0,51959.0,8228.0,79706.0,-208.76000000000002,8633.24,19307.24,-614.0,45680.0,-32021.0,-22655.0,593766.0,595200.0,-405.24,-37046.76
21733,2011,5081182.0,405089.0,4676093.0,3361330.0,3656618.0,1966844.0,1689774.0,1424564.0,2817098.0,-905189.0,4208726.0,188235.22,-1270586.78,1451517.22,553633.0,-36864.0,-1083.0,37787.0,2986319.0,1561755.0,365397.78,-1233722.78
21776,2011,1533815.0,376944.0,1156871.0,109174.0,1570270.0,3117036.0,-1546766.0,-36455.0,860898.0,866888.0,3995.0,-23825.5,913137.5,-32664.5,-70075.0,-185706.0,106753.0,111062.0,2703637.0,2740092.0,-46249.5,1098843.5
21792,2011,2586682.0,0.0,2586682.0,347928.0,1405657.0,159668.0,1245989.0,1181025.0,284686.0,10582.0,844396.0,-47143.72,102096.28,312031.28,-138658.0,2717058.0,-2008278.0,-547970.0,1340693.0,159668.0,-91514.28,-2614961.72
21806,2011,573149.0,1429205.0,-856056.0,200721.0,401417.0,614606.0,-213189.0,171732.0,258609.0,-81885.0,583091.0,-14411.580000000002,-53909.58,-40752.58,-42387.0,30648.0,-16709.0,-2693.0,-642867.0,-814599.0,-27975.42,-84557.58
21881,2011,2831721.0,1268.0,2830453.0,873980.0,1199840.0,200376.0,999464.0,1631881.0,380033.0,223436.0,1125741.0,-2621.4,228524.6,105735.6,-7710.0,5523.0,-18603.0,-6127.0,1830989.0,199108.0,-5088.6,223001.6
21903,2011,2764145.0,0.0,2764145.0,567177.0,1903762.0,1236981.0,666781.0,860383.0,801196.0,1875.0,1372706.0,-57645.64000000001,113775.35999999999,485482.36,-169546.0,625.0,-291.0,-616.0,2097364.0,1236981.0,-111900.35999999999,113150.35999999999
22020,2011,3844849.0,158101.0,3686748.0,1143035.0,3001363.0,0.0,3001363.0,843486.0,715909.0,8859.0,2408237.0,-49178.62,104323.38,152349.38,-144643.0,1128063.0,-1625496.0,1649394.0,685385.0,-158101.0,-95464.38,-1023739.62
22055,2011,2432599.0,1428869.0,1003730.0,1707467.0,1574834.0,1345078.0,229756.0,857765.0,741096.0,592186.0,2450315.0,-17778.600000000002,626697.4,212004.4,-52290.0,-263582.0,-270386.0,378220.0,773974.0,-83791.0,-34511.399999999994,890279.4
22128,2011,448957.0,92386.0,356571.0,28715.0,15585.0,0.0,15585.0,433372.0,15507.0,-64.0,0.0,1159.0600000000002,-2313.9399999999996,36161.06,3409.0,-183737.0,-28939.0,119106.0,340986.0,-92386.0,2249.9399999999996,181423.06
22144,2011,2540443.0,0.0,2540443.0,301050.0,1889454.0,0.0,1889454.0,650989.0,694914.0,-78914.0,533859.0,-54747.14000000001,27359.859999999993,24388.859999999993,-161021.0,-18646.0,-51075.0,42390.0,650989.0,0.0,-106273.85999999999,46005.85999999999
22187,2011,5390091.0,58559.0,5331532.0,2853585.0,1518372.0,64374.0,1453998.0,3871719.0,595510.0,255777.0,9937.0,76866.52,106565.52,-453246.48,226078.0,-195722.0,-119377.0,291402.0,3877534.0,5815.0,149211.47999999998,302287.52
22209,2011,126764.0,11374.0,115390.0,60503.0,185857.0,0.0,185857.0,-59093.0,143541.0,-339.0,18073.0,-2688.7200000000003,4880.28,-85827.72,-7908.0,101998.0,-479026.0,470270.0,-70467.0,-11374.0,-5219.28,-97117.72
22217,2011,604200.0,0.0,604200.0,384894.0,157308.0,371196.0,-213888.0,446892.0,76352.0,-91047.0,145376.0,18252.56,-126478.44,74359.56,53684.0,37741.0,-52925.0,15872.0,818088.0,371196.0,35431.44,-164219.44
22284,2011,1155.0,0.0,1155.0,71.0,589.0,622.0,-33.0,566.0,252.0,97742.0,0.0,-15.3,97771.7,-670.3,-45.0,480822.0,-269902.0,-182955.0,1188.0,622.0,-29.7,-383050.3
22292,2011,170771.0,77498.0,93273.0,241.0,1.0,0.0,1.0,170770.0,1.0,-26735.0,0.0,0.0,-26735.0,-339.0,0.0,284218.0,-65541.0,-164106.0,93272.0,-77498.0,0.0,-310953.0
22349,2011,510628.0,49937.0,460691.0,432376.0,126581.0,8088954.0,-7962373.0,384047.0,102318.0,-15543.0,678907.0,4005.5400000000004,-23318.46,83837.54,11781.0,933462.0,-2858907.0,1744173.0,8423064.0,8039017.0,7775.459999999999,-956780.46
22357,2011,3271401.0,0.0,3271401.0,437849.0,841006.0,3453615.0,-2612609.0,2430395.0,125330.0,-751538.0,219185.0,7874.400000000001,-766823.6,349021.4,23160.0,72813.0,19279.0,3816.0,5884010.0,3453615.0,15285.599999999999,-839636.6
22365,2011,2729723.0,20418.0,2709305.0,1258107.0,553960.0,0.0,553960.0,2175763.0,395348.0,-33670.0,289007.0,28680.36,-89343.64,36463.36,84354.0,106890.0,-146656.0,42422.0,2155345.0,-20418.0,55673.64,-196233.64
22373,2011,598833.0,516905.0,81928.0,456673.0,500931.0,1698823.0,-1197892.0,97902.0,316658.0,-337128.0,624208.0,-16303.68,-305479.68,33851.32,-47952.0,43198.0,-17292.0,-110808.0,1279820.0,1181918.0,-31648.32,-348677.68
22381,2011,2312562.0,11298.0,2301264.0,1316203.0,1131369.0,12451781.0,-11320412.0,1181193.0,725535.0,100647.0,1562671.0,2403.46,95981.46,189308.46,7069.0,56933.0,-30514.0,-17743.0,13621676.0,12440483.0,4665.54,39048.46000000001
22438,2011,1334855.0,8171.0,1326684.0,234802.0,513502.0,182032.0,331470.0,821353.0,149809.0,4685.0,898606.0,-5081.9800000000005,14550.02,11740.02,-14947.0,15211.0,6688.0,-165401.0,995214.0,173861.0,-9865.02,-660.9799999999996
22454,2011,673898.0,0.0,673898.0,421511.0,335870.0,16236127.0,-15900257.0,338028.0,213314.0,-322885.0,609825.0,1600.38,-325991.62,57964.38,4707.0,124780.0,-10913.0,-116997.0,16574155.0,16236127.0,3106.62,-450771.62
22470,2011,4877354.0,265809.0,4611545.0,3567127.0,4256409.0,333737.0,3922672.0,620945.0,3167135.0,43588.0,6419371.0,-56345.82000000001,152965.18,121043.18,-165723.0,-17661.0,-80462.0,366270.0,688873.0,67928.0,-109377.18,170626.18
22497,2011,2855306.0,0.0,2855306.0,464699.0,917186.0,854131.0,63055.0,1938120.0,284923.0,38411.0,676058.0,-4034.78,46243.22,-25837.78,-11867.0,250814.0,-92822.0,565381.0,2792251.0,854131.0,-7832.219999999999,-204570.78
22500,2011,1049250.0,170492.0,878758.0,632005.0,325988.0,0.0,325988.0,723262.0,237297.0,92137.0,1000665.0,-1441.6000000000001,94935.4,11026.4,-4240.0,818471.0,-132647.0,-524516.0,552770.0,-170492.0,-2798.3999999999996,-723535.6
22519,2011,463585.0,57650.0,405935.0,287726.0,96771.0,1179714.0,-1082943.0,366814.0,49629.0,1798.0,262030.0,2483.36,-3022.64,84136.36,7304.0,-2066455.0,-98846.0,1835918.0,1488878.0,1122064.0,4820.639999999999,2063432.36
22551,2011,1751985.0,0.0,1751985.0,731489.0,792967.0,7513236.0,-6720269.0,959018.0,349997.0,413375.0,772108.0,-20899.800000000003,453945.2,88272.2,-61470.0,488276.0,-361133.0,-149655.0,8472254.0,7513236.0,-40570.2,-34330.79999999999
22560,2011,817354.0,168173.0,649181.0,360997.0,490701.0,81838.0,408863.0,326653.0,381141.0,88957.0,345681.0,5063.96,79126.96,-1037.04,14894.0,315852.0,-118759.0,-172622.0,240318.0,-86335.0,9830.04,-236725.03999999998
22586,2011,792277.0,366188.0,426089.0,193486.0,4695.0,245793.0,-241098.0,787582.0,4695.0,902897.0,0.0,4502.62,894156.62,-8804.380000000001,13243.0,7978.0,-57787.0,85427.0,667187.0,-120395.0,8740.380000000001,886178.62
22594,2011,1731017.0,0.0,1731017.0,123677.0,1132881.0,1466335.0,-333454.0,598136.0,381492.0,-89168.0,143403.0,-16199.640000000001,-57721.64,33894.36,-47646.0,1207192.0,-3411979.0,2422508.0,2064471.0,1466335.0,-31446.36,-1264913.64
22616,2011,82392059.0,0.0,82392059.0,2349959.0,29592119.0,4996711.0,24595408.0,52799940.0,16393527.0,68532.0,5267859.0,74866.98000000001,-76798.01999999999,1194233.98,220197.0,1348200.0,-727666.0,-649133.0,57796651.0,4996711.0,145330.02,-1424998.02
22675,2011,99407.0,0.0,99407.0,62079.0,2760.0,4893.0,-2133.0,96647.0,2760.0,28627.0,0.0,1292.0,26119.0,-13520.0,3800.0,928021.0,-3229178.0,1800752.0,101540.0,4893.0,2508.0,-901902.0
22691,2011,929714.0,161497.0,768217.0,240286.0,770798.0,0.0,770798.0,158916.0,279943.0,-304035.0,390682.0,-28286.980000000003,-249124.98,77486.01999999999,-83197.0,455100.0,-379200.0,-69771.0,-2581.0,-161497.0,-54910.02,-704224.98
22756,2011,1.0,0.0,1.0,0.0,0.0,197.0,-197.0,1.0,0.0,-700.0,4010405.0,-163767.12000000002,317200.88,1187218.88,-481668.0,-37060630.0,16682701.0,20965444.0,198.0,197.0,-317900.88,37377830.88
22799,2011,24872965.0,0.0,24872965.0,9357416.0,14497928.0,1500276.0,12997652.0,10375037.0,7635310.0,387566.0,38748247.0,-375165.18000000005,1115827.8199999998,3679300.82,-1103427.0,-218225.0,631483.0,-20161.0,11875313.0,1500276.0,-728261.82,1334052.8199999998
22810,2011,2967374.0,0.0,2967374.0,21263.0,1239474.0,3110155.0,-1870681.0,1727900.0,681250.0,326831.0,54.0,-667.4200000000001,328126.58,1615.58,-1963.0,145960.0,-644660.0,441255.0,4838055.0,3110155.0,-1295.58,182166.58000000002
22829,2011,637388.0,15759.0,621629.0,267541.0,325598.0,0.0,325598.0,311790.0,95120.0,6278.0,392458.0,-9307.84,24346.16,86600.16,-27376.0,38650.0,-5988.0,-34199.0,296031.0,-15759.0,-18068.16,-14303.84
23000,2011,2098801.0,343039.0,1755762.0,234062.0,1428739.0,13903.0,1414836.0,670062.0,200236.0,1869.0,335778.0,-18304.920000000002,37402.08,126283.08,-53838.0,-5272000.0,-1311000.0,-921000.0,340926.0,-329136.0,-35533.08,5309402.08
23035,2011,356486.0,28023.0,328463.0,124255.0,109331.0,2828379.0,-2719048.0,247155.0,61911.0,789655.0,197426.0,-385.22,790402.78,21783.78,-1133.0,-6504.0,158341.0,-55528.0,3047511.0,2800356.0,-747.78,796906.78
23221,2011,286912.0,0.0,286912.0,56545.0,145976.0,191.0,145785.0,140936.0,42599.0,109503.0,183517.0,-4095.3,117452.7,39501.7,-12045.0,15752.0,-26256.0,-38938.0,141127.0,191.0,-7949.7,101700.7
23574,2011,245348.0,1249350.0,-1004002.0,26240.0,139030.0,324093.0,-185063.0,106318.0,42727.0,-374732.0,207261.0,-2213.4,-370435.4,15593.6,-6510.0,-470631.0,-921849.0,155151.0,-818939.0,-925257.0,-4296.6,100195.59999999998
2429,2011,1181754.0,22281215.0,-21099461.0,231684.0,717504.0,0.0,717504.0,464250.0,213693.0,0.0,481513.0,-17855.100000000002,34659.899999999994,44018.899999999994,-52515.0,-5168.0,-6.0,5685.0,-21816965.0,-22281215.0,-34659.899999999994,39827.899999999994
2437,2011,163142432.0,0.0,163142432.0,36662672.0,85940111.0,2002013.0,83938098.0,77202321.0,26124809.0,373173.0,33061356.0,79714.02,218434.02000000002,3607280.02,234453.0,44954.0,-55073.0,185553.0,79204334.0,2002013.0,154738.97999999998,173480.02000000002
2453,2011,37357746.0,73936.0,37283810.0,8531649.0,25612798.0,0.0,25612798.0,11744948.0,12169346.0,15929.0,15814227.0,-358968.94,712751.06,3112272.06,-1055791.0,171414.0,-37919.0,-108624.0,11671012.0,-73936.0,-696822.06,541337.06
2461,2011,5365230.0,54490.0,5310740.0,1472191.0,3190699.0,407731.0,2782968.0,2174531.0,1325420.0,182721.0,4191414.0,5174.120000000001,172677.12,313843.12,15218.0,-654554.0,-329116.0,1265978.0,2527772.0,353241.0,10043.88,827231.12
2909,2011,532590.0,8878.0,523712.0,289878.0,315413.0,1918276.0,-1602863.0,217177.0,252131.0,-21599.0,562670.0,-7449.400000000001,-7138.400000000001,4482.599999999999,-21910.0,45027.0,-108870.0,66931.0,2126575.0,1909398.0,-14460.599999999999,-52165.4
3069,2011,1267599.0,18104.0,1249495.0,662887.0,170493.0,6502987.0,-6332494.0,1097106.0,106313.0,91613.0,642334.0,15881.400000000001,60784.4,60051.4,46710.0,332726.0,-87393.0,-258544.0,7581989.0,6484883.0,30828.6,-271941.6
3077,2011,640145.0,0.0,640145.0,237502.0,329127.0,38708.0,290419.0,311018.0,206913.0,2203.0,527276.0,-8174.620000000001,18071.379999999997,31797.379999999997,-24043.0,4664.0,-1411.0,372.0,349726.0,38708.0,-15868.38,13407.379999999997
3158,2011,3371430.0,88.0,3371342.0,1720896.0,1663137.0,488082.0,1175055.0,1708293.0,859847.0,35139.0,1739039.0,-29371.58,92154.42,-48073.58,-86387.0,-21394.0,-14517.0,43475.0,2196287.0,487994.0,-57015.42,113548.42
3174,2011,269250.0,0.0,269250.0,7496.0,169400.0,873945.0,-704545.0,99850.0,77176.0,559.0,927.0,-891.48,2289.52,-15191.48,-2622.0,88853.0,-28355.0,-57916.0,973795.0,873945.0,-1730.52,-86563.48
3182,2011,499581.0,12910.0,486671.0,47331.0,865952.0,1505016.0,-639064.0,-366371.0,124070.0,-78162.0,24051.0,-10575.02,-57634.020000000004,-132437.02,-31103.0,429393.0,-197400.0,1140.0,1125735.0,1492106.0,-20527.98,-487027.02
3190,2011,12935830.0,0.0,12935830.0,3387890.0,11047185.0,2161274.0,8885911.0,1888645.0,5585466.0,-9978.0,7782422.0,-392462.68000000005,751861.32,30856.31999999995,-1154302.0,17919.0,-1780.0,-13342.0,4049919.0,2161274.0,-761839.32,733942.32
3298,2011,1303145.0,0.0,1303145.0,155400.0,778526.0,4717.0,773809.0,524619.0,74603.0,13306.0,80054.0,-2478.6000000000004,18117.4,14524.4,-7290.0,84337.0,-237068.0,272337.0,529336.0,4717.0,-4811.4,-66219.6
3328,2011,24118684.0,0.0,24118684.0,2913875.0,7300046.0,757584.0,6542462.0,16818638.0,2564195.0,-31396.0,5582392.0,-11395.44,-9275.44,1576265.56,-33516.0,8057.0,-7525.0,-2787.0,17576222.0,757584.0,-22120.559999999998,-17332.440000000002
3336,2011,588677.0,0.0,588677.0,333147.0,664120.0,1966775.0,-1302655.0,-75443.0,633370.0,203384.0,1056226.0,-33363.520000000004,268148.48,-184307.52000000002,-98128.0,7075.0,-3552.0,486.0,1891332.0,1966775.0,-64764.479999999996,261073.47999999998
3395,2011,287241.0,22335.0,264906.0,151099.0,140515.0,1376835.0,-1236320.0,146726.0,54312.0,-6788.0,224486.0,1174.7,-9068.3,12154.7,3455.0,-25643.0,-325036.0,298362.0,1501226.0,1354500.0,2280.3,16574.7
3654,2011,1517988.0,501213.0,1016775.0,69996.0,689597.0,41565.0,648032.0,828391.0,64761.0,-48519.0,124307.0,-4437.68,-39904.68,4158.32,-13052.0,-1734000.0,-1143000.0,-816000.0,368743.0,-459648.0,-8614.32,1694095.32
3980,2011,49981794.0,25.0,49981769.0,17319149.0,23461991.0,511661.0,22950330.0,26519803.0,6777001.0,1223419.0,35406780.0,-179634.24000000002,1572120.76,2446277.76,-528336.0,-12360.0,-16189.0,21415.0,27031439.0,511636.0,-348701.76,1584480.76
4030,2011,46869702.0,649183.0,46220519.0,21944306.0,38452532.0,0.0,38452532.0,8417170.0,6496947.0,-34295.0,16519584.0,-681973.02,1289534.98,4991063.98,-2005803.0,710656.0,-957381.0,173145.0,7767987.0,-649183.0,-1323829.98,578878.98
4057,2011,4253853.0,669306.0,3584547.0,2859421.0,2174558.0,213674.0,1960884.0,2079295.0,1592420.0,-47652.0,5550178.0,20031.100000000002,-86535.9,1563825.1,58915.0,28619.0,143198.0,-12692.0,1623663.0,-455632.0,38883.899999999994,-115154.9
4081,2011,342993.0,0.0,342993.0,188973.0,121791.0,446586.0,-324795.0,221202.0,96444.0,350388.0,370375.0,-2202.52,354663.48,28647.48,-6478.0,-510105.0,-11482.0,-102101.0,667788.0,446586.0,-4275.48,864768.48
4146,2011,365555.0,1429859.0,-1064304.0,179950.0,326736.0,339080.0,-12344.0,38819.0,224505.0,344023.0,354591.0,-10133.7,363694.3,-49725.7,-29805.0,161160.0,-1514.0,67505.0,-1051960.0,-1090779.0,-19671.3,202534.3
4170,2011,241783112.0,3717763.0,238065349.0,42095216.0,95092745.0,488356.0,94604389.0,146690367.0,22225074.0,232782.0,103195407.0,-2251665.64,4603662.359999999,41771104.36,-6622546.0,593411.0,-3571.0,-90162.0,143460960.0,-3229407.0,-4370880.359999999,4010251.3599999994
4537,2011,425974931.0,9037042.0,416937889.0,218518119.0,134270913.0,0.0,134270913.0,291704018.0,87828141.0,0.0,291223174.0,4385680.74,-8513380.26,27063716.740000002,12899061.0,83183.0,74773.0,21869.0,282666976.0,-9037042.0,8513380.26,-8596563.26
4650,2011,1988358.0,1700.0,1986658.0,1403001.0,481383.0,101229.0,380154.0,1506975.0,387088.0,8080.0,1635043.0,20244.280000000002,-31217.719999999998,213475.28,59542.0,-336385.0,125751.0,225845.0,1606504.0,99529.0,39297.72,305167.28
4669,2011,3710950.0,0.0,3710950.0,1954080.0,1472602.0,909215.0,563387.0,2238348.0,821986.0,-662286.0,3046024.0,-4432.92,-653680.92,372457.08,-13038.0,-329719.0,-251624.0,528308.0,3147563.0,909215.0,-8605.08,-323961.92000000004
4707,2011,5286483.0,43842.0,5242641.0,2859629.0,4254209.0,76367.0,4177842.0,1032274.0,2759764.0,24372.0,15429.0,65304.14000000001,-102394.85999999999,-47094.85999999999,192071.0,-10586.0,-178655.0,359159.0,1064799.0,32525.0,126766.85999999999,-91808.85999999999
4723,2011,24477.0,358987.0,-334510.0,19738.0,33326.0,8670.0,24656.0,-8849.0,18018.0,5367000.0,18686.0,-1056.38,5369050.62,-4525.38,-3107.0,331267.0,-372584.0,29579.0,-359166.0,-350317.0,-2050.62,5037783.62
4774,2011,330395.0,41285.0,289110.0,321333.0,280532.0,502627.0,-222095.0,49863.0,246792.0,169383.0,14709.0,-3022.94,175251.06,5232.0599999999995,-8891.0,-561192.0,-337643.0,858005.0,511205.0,461342.0,-5868.0599999999995,736443.06
4820,2011,37354161.0,0.0,37354161.0,10171777.0,27402943.0,0.0,27402943.0,9951218.0,9061588.0,719656.0,33176160.0,-953665.66,2570889.34,1334394.3399999999,-2804899.0,663840.0,-250300.0,-460073.0,9951218.0,0.0,-1851233.3399999999,1907049.3399999999
5150,2011,271085.0,0.0,271085.0,110159.0,454455.0,0.0,454455.0,-183370.0,329081.0,0.0,304117.0,5531.46,-10737.54,25726.46,16269.0,-154286.0,-186319.0,363543.0,-183370.0,0.0,10737.54,143548.46
5207,2011,520521.0,48931.0,471590.0,238376.0,119122.0,282013.0,-162891.0,401399.0,51397.0,96466.0,301088.0,1620.44,93320.44,20997.44,4766.0,-107625.0,-739.0,113942.0,634481.0,233082.0,3145.56,200945.44
5258,2011,3168308.0,0.0,3168308.0,1625795.0,967134.0,4296258.0,-3329124.0,2201174.0,791232.0,297274.0,2729392.0,3960.32,289586.32,61008.32,11648.0,1147896.0,-1629054.0,-264133.0,6497432.0,4296258.0,7687.68,-858309.6799999999
5312,2011,887487.0,0.0,887487.0,223434.0,847813.0,218902.0,628911.0,39674.0,367482.0,37337.0,363699.0,-17982.260000000002,72243.73999999999,-5046.260000000002,-52889.0,70918.0,-76431.0,-165354.0,258576.0,218902.0,-34906.74,1325.7399999999907
5410,2011,9105861.0,0.0,9105861.0,5867061.0,5199272.0,935550.0,4263722.0,3906589.0,2752960.0,305451.0,5189409.0,35020.340000000004,237470.34,539040.34,103001.0,1839301.0,-2088886.0,2918711.0,4842139.0,935550.0,67980.66,-1601830.66
5762,2011,691935.0,19.0,691916.0,350886.0,253829.0,867833.0,-614004.0,438106.0,162585.0,144384.0,820238.0,4705.26,135250.26,88059.26,13839.0,175670.0,-382061.0,293739.0,1305920.0,867814.0,9133.74,-40419.73999999999
5770,2011,1713986.0,915033.0,798953.0,337408.0,716763.0,84908.0,631855.0,997223.0,390197.0,189287.0,899120.0,-19985.2,228081.8,126970.8,-58780.0,-57696.0,94371.0,-13865.0,167098.0,-830125.0,-38794.8,285777.8
5983,2011,21191.0,2401037.0,-2379846.0,3526.0,130785.0,91692.0,39093.0,-109594.0,130079.0,464507.0,0.0,-4066.0600000000004,472399.94,-7650.06,-11959.0,267341.0,-47501.0,-134540.0,-2418939.0,-2309345.0,-7892.94,205058.94
5991,2011,1839260.0,397420.0,1441840.0,864060.0,954298.0,1031091.0,-76793.0,884962.0,446896.0,171254.0,1070957.0,-9885.5,190443.5,99785.5,-29075.0,190693.0,-64607.0,-59196.0,1518633.0,633671.0,-19189.5,-249.5
6173,2011,1126657.0,99038.0,1027619.0,750018.0,801422.0,0.0,801422.0,325235.0,465568.0,0.0,617968.0,-16197.260000000002,31441.739999999998,104444.73999999999,-47639.0,32534.0,-16986.0,-11808.0,226197.0,-99038.0,-31441.739999999998,-1092.260000000002
6211,2011,777178.0,427312.0,349866.0,463410.0,426274.0,2511001.0,-2084727.0,350904.0,197732.0,336907.0,545585.0,4993.58,327213.58,34552.58,14687.0,3345.0,-1473.0,-2757.0,2434593.0,2083689.0,9693.42,323868.58
6343,2011,3419980.0,147558000.0,-144138020.0,2063497.0,2323349.0,1107190.0,1216159.0,1096631.0,801057.0,-33248.0,2185548.0,7257.3,-47335.7,189296.3,21345.0,23099.0,-13073.0,-78.0,-145354179.0,-146450810.0,14087.7,-70434.7
6505,2011,11674930.0,9437.0,11665493.0,8401963.0,8999415.0,5561634.0,3437781.0,2675515.0,6877477.0,-22135.0,21016716.0,-235240.90000000002,434509.1,560498.1,-691885.0,21279.0,-118081.0,214548.0,8227712.0,5552197.0,-456644.1,413230.1
6700,2011,520338.0,165648.0,354690.0,54337.0,653805.0,2800025.0,-2146220.0,-133467.0,182019.0,2097576.0,130295.0,-6753.42,2110685.58,-34542.42,-19863.0,24254.0,-23444.0,-5610.0,2500910.0,2634377.0,-13109.58,2086431.58
6815,2011,804367.0,0.0,804367.0,7817.0,1036884.0,711335.0,325549.0,-232517.0,39828.0,-19313.0,0.0,-13645.900000000001,7176.0999999999985,-4906.9000000000015,-40135.0,465752.0,-244985.0,-38524.0,478818.0,711335.0,-26489.1,-458575.9
701,2011,67386.0,618593.0,-551207.0,58614.0,10551.0,1083895.0,-1073344.0,56835.0,1558.0,56885.0,0.0,432.82000000000005,56044.82,-3614.18,1273.0,23122.0,-197686.0,176149.0,522137.0,465302.0,840.18,32922.82
7510,2011,1813394.0,2874.0,1810520.0,950348.0,1133650.0,1409042.0,-275392.0,679744.0,512924.0,64921.0,631054.0,3684.2400000000002,57769.24,-2825.7599999999998,10836.0,299782.0,-650308.0,729145.0,2085912.0,1406168.0,7151.76,-242012.76
7544,2011,252505.0,0.0,252505.0,77183.0,373039.0,663419.0,-290380.0,-120534.0,182349.0,159992.0,142176.0,-13601.7,186395.3,11287.3,-40005.0,82397.0,-28167.0,-41591.0,542885.0,663419.0,-26403.3,103998.29999999999
7595,2011,3760059.0,26588.0,3733471.0,1606949.0,3126968.0,27061.0,3099907.0,633091.0,1690522.0,17754059.0,1536493.0,23517.800000000003,17708406.8,-51645.2,69170.0,258268.0,-244820.0,833431.0,633564.0,473.0,45652.2,17450138.8
7617,2011,312002000.0,3101649.0,308900351.0,191172000.0,279712000.0,721338.0,278990662.0,32290000.0,149014000.0,1005750.0,5094000.0,6404580.0,-11426670.0,-7065420.0,18837000.0,19259.0,-10880.0,-3350.0,29909689.0,-2380311.0,12432420.0,-11445929.0
7811,2011,1801495.0,80476.0,1721019.0,1022088.0,1373229.0,14774.0,1358455.0,428266.0,640022.0,854787.0,644959.0,-6587.84,867575.16,82207.16,-19376.0,15057.0,-12104.0,-3852.0,362564.0,-65702.0,-12788.16,852518.16
7870,2011,651348.0,6486.0,644862.0,325067.0,354435.0,0.0,354435.0,296913.0,133262.0,0.0,422126.0,-3355.8,6514.2,34768.2,-9870.0,14331.0,-63577.0,60415.0,290427.0,-6486.0,-6514.2,-7816.8
80020,2011,6803259.0,1315098.0,5488161.0,2169214.0,4426663.0,1286893.0,3139770.0,2376596.0,2371464.0,-509885.0,2426488.0,-93012.44,-329331.44,-1011351.44,-273566.0,11300570.0,-6747640.0,6266144.0,2348391.0,-28205.0,-180553.56,-11629901.44
80047,2011,2119306.0,188063.0,1931243.0,550634.0,1223621.0,840220.0,383401.0,895685.0,292098.0,364307.0,1309391.0,-9482.6,382714.4,88463.4,-27890.0,-7317.0,-2621.0,9143.0,1547842.0,652157.0,-18407.4,390031.4
80080,2011,726249.0,565713.0,160536.0,43554.0,1722475.0,1154388.0,568087.0,-996226.0,235480.0,-3642.0,10805.0,-61523.68000000001,115786.31999999999,-464959.68,-180952.0,-35075.0,-17606.0,13974.0,-407551.0,588675.0,-119428.31999999999,150861.32
80098,2011,1089989.0,123169.0,966820.0,98214.0,701809.0,242458.0,459351.0,388180.0,256863.0,-584388.0,150243.0,-19523.82,-546488.82,256363.18,-57423.0,6178.0,1401.0,-2703.0,507469.0,119289.0,-37899.18,-552666.82
80110,2011,6627402.0,11792.0,6615610.0,1615589.0,4721537.0,103557.0,4617980.0,1905865.0,1215671.0,109791.0,5009541.0,-32471.7,172824.3,318810.3,-95505.0,-66132.0,-56466.0,24713.0,1997630.0,91765.0,-63033.3,238956.3
80144,2011,10152212.0,4563315.0,5588897.0,3185944.0,4734394.0,156919.0,4577475.0,5417818.0,2160915.0,823.0,5671623.0,-99131.08,193253.91999999998,1095327.92,-291562.0,22643.0,-16388.0,-7407.0,1011422.0,-4406396.0,-192430.91999999998,170610.91999999998
80152,2011,30584182.0,138256.0,30445926.0,31875.0,20560297.0,12972.0,20547325.0,10023885.0,5288999.0,28253.0,279139.0,0.0,28253.0,171992.0,0.0,381786.0,-74662.0,-78031.0,9898601.0,-125284.0,0.0,-353533.0
8087,2011,9550056.0,229667.0,9320389.0,6772293.0,8391628.0,35350.0,8356278.0,1158428.0,4565564.0,38148.0,10201624.0,-243653.86000000002,511123.14,776741.14,-716629.0,11763.0,-248273.0,-76782.0,964111.0,-194317.0,-472975.14,499360.14
8133,2011,2983504.0,666215.0,2317289.0,2035555.0,1828506.0,0.0,1828506.0,1154998.0,1065575.0,0.0,3238543.0,938.4000000000001,-1821.6,335085.4,2760.0,323161.0,-415775.0,112858.0,488783.0,-666215.0,1821.6,-324982.6
8192,2011,135218.0,322144.0,-186926.0,6671.0,55254.0,0.0,55254.0,79964.0,10000.0,0.0,53517.0,-876.1800000000001,1700.82,8653.82,-2577.0,10868.0,-85369.0,40029.0,-242180.0,-322144.0,-1700.82,-9167.18
8397,2011,834845.0,3505.0,831340.0,443786.0,640926.0,4161.0,636765.0,193919.0,293306.0,-730983.0,722904.0,-16926.22,-698126.22,255.77999999999884,-49783.0,728920.0,-721237.0,-197724.0,194575.0,656.0,-32856.78,-1427046.22
8427,2011,150238.0,0.0,150238.0,64457.0,341957.0,226830.0,115127.0,-191719.0,252076.0,-114928.0,106078.0,-13606.12,-88516.12,-22107.120000000003,-40018.0,21522.0,-3232.0,-13781.0,35111.0,226830.0,-26411.879999999997,-110038.12
8451,2011,3381131.0,18719519.0,-15338388.0,2294843.0,2209639.0,172159.0,2037480.0,1171492.0,1321265.0,9359.0,3368876.0,22942.52,-35176.479999999996,299487.52,67478.0,68147.0,214937.0,-268862.0,-17375868.0,-18547360.0,44535.479999999996,-103323.48
8486,2011,558798.0,231873.0,326925.0,239196.0,185784.0,960410.0,-774626.0,373014.0,87866.0,-12550.0,431404.0,-841.1600000000001,-10917.16,39967.84,-2474.0,-19877.0,26103.0,-6532.0,1101551.0,728537.0,-1632.84,8959.84
8575,2011,2649332.0,56880.0,2592452.0,1115876.0,1307254.0,645617.0,661637.0,1342078.0,827016.0,-6576.0,2236756.0,2925.36,-12254.64,183608.36,8604.0,-11110073.0,210603.0,10569978.0,1930815.0,588737.0,5678.639999999999,11097818.36
8656,2011,50172211.0,96597077.0,-46424866.0,17335567.0,25621223.0,0.0,25621223.0,24550988.0,6773928.0,0.0,35406780.0,-234055.32,454342.68,2433991.68,-688398.0,-3558.0,-92.0,545.0,-72046089.0,-96597077.0,-454342.68,457900.68
8672,2011,17203393.0,17.0,17203376.0,5704288.0,11879625.0,6755616.0,5124009.0,5323768.0,3306119.0,78677.0,5123363.0,-214467.58000000002,494996.42,1410840.42,-630787.0,237223.0,-693658.0,463773.0,12079367.0,6755599.0,-416319.42,257773.41999999998
8745,2011,127199.0,127169.0,30.0,43306.0,77471.0,213134.0,-135663.0,49728.0,31726.0,291642.0,164478.0,-1840.0800000000002,295213.92,-11194.08,-5412.0,39095.0,-31220.0,43811.0,135693.0,85965.0,-3571.92,256118.91999999998
8753,2011,286567639.0,2012.0,286565627.0,203013280.0,120504420.0,106998.0,120397422.0,166063219.0,78918537.0,6953.0,209955995.0,1705739.8800000001,-3304189.12,14442916.88,5016882.0,30676517.0,-21470074.0,-19518323.0,166168205.0,104986.0,3311142.12,-33980706.12
8893,2011,1223402.0,0.0,1223402.0,357303.0,114843.0,65500.0,49343.0,1108559.0,45093.0,25882.0,0.0,12701.380000000001,1226.380000000001,156392.38,37357.0,18458.0,-11963.0,-10208.0,1174059.0,65500.0,24655.62,-17231.62
9040,2011,666508.0,0.0,666508.0,303213.0,365488.0,3766488.0,-3401000.0,301020.0,153103.0,57892.0,372910.0,-159.8,58202.2,24729.2,-470.0,50593.0,-26178.0,-10402.0,4067508.0,3766488.0,-310.2,7609.199999999997
906,2011,722086892.0,447.0,722086445.0,93777577.0,133822397.0,505155.0,133317242.0,588264495.0,747210.0,6723.0,82124304.0,-1221969.1800000002,2378780.82,13461499.82,-3594027.0,1710696.0,-2111158.0,725602.0,588769203.0,504708.0,-2372057.82,668084.8199999998
9067,2011,21990226.0,0.0,21990226.0,5449204.0,12488371.0,8974928.0,3513443.0,9501855.0,3069093.0,309067.0,4852263.0,-248490.36000000002,791430.64,520394.64,-730854.0,46380.0,-7654.0,-21777.0,18476783.0,8974928.0,-482363.64,745050.64
9342,2011,442155.0,0.0,442155.0,361469.0,242912.0,0.0,242912.0,199243.0,214172.0,0.0,1345632.0,-1929.8400000000001,3746.16,41168.16,-5676.0,888404.0,-45738.0,-291857.0,199243.0,0.0,-3746.16,-884657.84
9393,2011,3776337.0,0.0,3776337.0,2495835.0,2114581.0,102184.0,2012397.0,1661756.0,1849323.0,404133.0,4098356.0,-14884.52,433026.48,-18817.52,-43778.0,274085.0,-448120.0,68638.0,1763940.0,102184.0,-28893.48,158941.47999999998
94,2011,294757.0,0.0,294757.0,225588.0,136161.0,0.0,136161.0,158596.0,90801.0,0.0,365581.0,2754.6800000000003,-5347.32,7958.68,8102.0,45349.0,-48235.0,-23426.0,158596.0,0.0,5347.32,-50696.32
9512,2011,599149983.0,86946.0,599063037.0,121163683.0,266926372.0,0.0,266926372.0,332223611.0,68212334.0,-113474862.0,244176142.0,41554.8,-113555527.2,33028946.8,122220.0,74956.0,-29992.0,-10604.0,332136665.0,-86946.0,80665.2,-113630483.2
9857,2011,67657.0,29901495.0,-29833838.0,61059.0,49247.0,1927043.0,-1877796.0,18410.0,33498.0,-57596.0,66876.0,-47.6,-57503.6,-24173.6,-140.0,32426.0,-15102.0,-17612.0,-27956042.0,-27974452.0,-92.4,-89929.6
9954,2011,3225612.0,72838.0,3152774.0,1454882.0,2573184.0,2433081.0,140103.0,652428.0,1534903.0,11297.0,11190.0,37100.12,-60720.88,-24182.879999999997,109118.0,-15955.0,113545.0,-6360.0,3012671.0,2360243.0,72017.88,-44765.88
9989,2011,602377.0,67840.0,534537.0,288282.0,811562.0,447973.0,363589.0,-209185.0,197252.0,-516839.0,2355539.0,-12184.580000000002,-493186.58,1431.4199999999983,-35837.0,778583.0,-635846.0,-34466.0,170948.0,380133.0,-23652.42,-1271769.58
